제작사,차명,생산기간(부터),생산기간(까지),리콜개시일,리콜사유,,
기아자동차,포르테,2010-08-27,2010-11-11,2016-02-22,자동변속기 오일쿨러(Oil Cooler) 호스 손상으로 자동변속기 오일이 누유됨으로써 변속기 작동불량 등이 발생,,
기아자동차,K5 TF,2010-05-03,2010-07-08,2016-04-18,전동식 스티어링(조향장치) ECU 회로기판의 코팅불량으로 인해 수분 유입시 전자회로가 단락되어 스티어링 휠이 무거워질 가능성,,
기아자동차,K9,2012-03-08,2016-01-12,2016-04-25,등화장치용 다기능 스위치의 접촉 불량으로 인해 주행 중 전조등이 정상작동하지 않을 가능성 발견,,
기아자동차,K5,2015-07-16,2015-12-31,2016-05-03,운전석 에어백 내부 부품 결함으로 에어백이 정상적으로 전개되지 않을 가능성,,
기아자동차,구형 스포티지(KM),2007-08-09,2009-05-22,2016-12-09,자동차안정성제어장치(ESC) 중 유압 컨트롤 유닛(HCU)에 연결된 배선 커넥터의 덮개 체결 불량으로 제설제 염수 등이 HCU 내에 유입될 경우 합선이 일어나 화재가 발생할 가능성,,
르노삼성자동차,SM5(LPG),2014-12-22,2015-07-06,2016-02-22,LPG 저장탱크 내부의 연료레벨게이지 작동불량으로 연료 잔량에 대한 정확한 정보가 운전자에게 전달되지 않을 가능성이 발견,,
르노삼성자동차,SM6 2.0(Lpe),2015-12-28,2016-09-06,2016-09-19,엔진제어장치(ECU) 오류로 특정조건에서 연료가 제대로 공급되지 않아 시동이 꺼지고 브레이크가 작동되지 않을 가능성,,
쌍용자동차,코란도C,2015-03-30,2015-05-26,2016-02-15,좌석안전띠 부착장치 강도 안전기준 부적합,,
쌍용자동차,티볼리(디젤),2015-07-01,2016-01-31,2016-09-12,연료필터와 엔진 사이에 장착된 연료호스의 제작결함으로 누유가 발생할 경우 연료가 부족하여 주행중 시동이 꺼지거나 화재가 발생할 가능성,,
쌍용자동차,코란도 투리스모 승용,2014-03-25,2014-11-14,2016-12-01,앞쪽 쇼크 업소버의 제작결함으로 충격 하중이 과중되어 쇼크 업소버 하단부가 부러질 경우 주행 및 제동 시 차량이 한쪽으로 쏠려 안전 운행에 지장을 줄 가능성,,
쌍용자동차,코란도 투리스모 승합,2014-03-25,2014-11-14,2016-12-01,앞쪽 쇼크 업소버의 제작결함으로 충격 하중이 과중되어 쇼크 업소버 하단부가 부러질 경우 주행 및 제동 시 차량이 한쪽으로 쏠려 안전 운행에 지장을 줄 가능성,,
자일대우버스㈜,FX120 CNG,2012-01-02,2015-12-15,2016-09-01,안전기준 115조 제원 허용차 초과,,
자일대우버스㈜,FX212 디젤,2015-01-02,2016-04-20,2016-09-01,안전기준 115조 제원 허용차 초과,,
자일대우버스㈜,BX212 디젤,2015-01-02,2016-04-20,2016-09-01,안전기준 115조 제원 허용차 초과,,
타타대우상용차주식회사,대우 8.5톤표준카고트럭,2015-11-20,2016-02-22,2016-07-28,안전기준 제38조의4 주간주행등 광도기준 미달,,
타타대우상용차주식회사,대우 9.5톤 단축저상카고트럭,2015-11-20,2016-02-22,2016-07-28,안전기준 제38조의4 주간주행등 광도기준 미달,,
타타대우상용차주식회사,대우9.5톤 장축저상카고트럭,2015-11-20,2016-02-22,2016-07-28,안전기준 제38조의4 주간주행등 광도기준 미달,,
타타대우상용차주식회사,대우 9.5톤 초장축저상카고트럭,2015-11-20,2016-02-22,2016-07-28,안전기준 제38조의4 주간주행등 광도기준 미달,,
타타대우상용차주식회사,대우 11.5톤 카고트럭,2015-11-20,2016-02-22,2016-07-28,안전기준 제38조의4 주간주행등 광도기준 미달,,
타타대우상용차주식회사,대우14톤장축카고트럭,2015-11-20,2016-02-22,2016-07-28,안전기준 제38조의4 주간주행등 광도기준 미달,,
타타대우상용차주식회사,대우16톤 표준카고트럭,2015-11-20,2016-02-22,2016-07-28,안전기준 제38조의4 주간주행등 광도기준 미달,,
타타대우상용차주식회사,대우16.5톤 표준카고트럭,2015-11-20,2016-02-22,2016-07-28,안전기준 제38조의4 주간주행등 광도기준 미달,,
타타대우상용차주식회사,대우18톤장축카고트럭,2015-11-20,2016-02-22,2016-07-28,안전기준 제38조의4 주간주행등 광도기준 미달,,
타타대우상용차주식회사,대우18톤 초장축카고트럭,2015-11-20,2016-02-22,2016-07-28,안전기준 제38조의4 주간주행등 광도기준 미달,,
타타대우상용차주식회사,대우19톤장축카고트럭,2015-11-20,2016-02-22,2016-07-28,안전기준 제38조의4 주간주행등 광도기준 미달,,
타타대우상용차주식회사,대우19.5톤 단축카고트럭,2015-11-20,2016-02-22,2016-07-28,안전기준 제38조의4 주간주행등 광도기준 미달,,
타타대우상용차주식회사,대우25톤 장축카고트럭,2015-11-20,2016-02-22,2016-07-28,안전기준 제38조의4 주간주행등 광도기준 미달,,
타타대우상용차주식회사,대우트랙터,2015-11-20,2016-02-22,2016-07-28,안전기준 제38조의4 주간주행등 광도기준 미달,,
한국지엠,올란도,2010-12-23,2016-03-09,2016-06-24,시동 버튼을 누른 후 원위치로 복원되지 않아 심한 요철 등 험로 주행시 차량 진동에 의해 비상정지 기능이 작동되어 시동이 꺼질 가능성이 발견,,
한국지엠,넥스트 스파크,2015-11-16,2016-02-03,2016-04-08,"특정조건(운전자가 시동을 끄고 차량의 문을 열고 약 13초～22초 사이)에서 재시동을 하는 경우 좌석안전띠 미착용 경고음 및 후방주차보조시스템 등의 안전사양 경고음이 작동하지 않아(단, 계기판의 경고등은 점등됨) 안전운행에 지장을 줄 가능성 발견",,
한국지엠,라보,2015-12-01,2016-03-05,2016-05-03,험로 주행 감지 센서 배선이 고온의 배기파이프와 간섭됨으로써 피복이 벗겨지고 합선으로 인해 메인퓨즈가 단선되어 시동이 꺼질 가능성,,
한국지엠,아베오,2014-08-10,2015-12-19,2016-05-03,전조등 주행빔(상향등)이 자동차안전기준보다 더 높은 곳을 비추는 결함 발견,,
한국지엠,라세티 프리미어(경유),2008-07-24,2010-08-31,2016-06-24,엔진제어장치를 고정하는 부품의 제작결함으로 엔진제어장치와 연결된 엔진 배선의 접촉불량 현상이 발생하여 시동이 꺼질 가능성 발견,,
한국지엠,말리부,2015-07-09,2015-07-13,2016-08-17,뒷좌석 좌석안전띠 버클 조립 불량으로 버클이 고정 부위로부터 분리될 경우 차량 충돌시 좌석안전띠가 승객을 보호하지 못할 가능성,,
한국지엠,알페온,2015-07-09,2015-07-13,2016-08-17,뒷좌석 좌석안전띠 버클 조립 불량으로 버클이 고정 부위로부터 분리될 경우 차량 충돌시 좌석안전띠가 승객을 보호하지 못할 가능성,,
한국지엠,스파크 EV,2013-07-05,2016-07-26,2016-10-07,에어백 제어장치(ECU)의 소프트웨어 오류로 전방 에어백 및 좌석안전띠 프리텐셔너가 작동되지 않을 가능성,,
한국지엠,라보,2015-11-24,2016-11-21,2016-12-21,퓨즈 박스 내 액상 솔레노이드 밸브 관련 릴레이(계전기) 회로의 손상으로 연료 공급이 차단될 경우 주행 중 시동 꺼짐 현상이 발생할 가능성,,
한국지엠,다마스,2015-11-25,2016-11-11,2016-12-21,퓨즈 박스 내 액상 솔레노이드 밸브 관련 릴레이(계전기) 회로의 손상으로 연료 공급이 차단될 경우 주행 중 시동 꺼짐 현상이 발생할 가능성,,
한국지엠,다마스 밴,2015-11-24,2016-11-21,2016-12-21,퓨즈 박스 내 액상 솔레노이드 밸브 관련 릴레이(계전기) 회로의 손상으로 연료 공급이 차단될 경우 주행 중 시동 꺼짐 현상이 발생할 가능성,,
현대자동차,구형 투싼(LM),2010-08-01,2010-10-31,2016-02-22,자동변속기 오일쿨러(Oil Cooler) 호스 손상으로 자동변속기 오일이 누유됨으로써 변속기 작동불량 등이 발생,,
현대자동차,구형 제네시스(BH),2011-08-01,2012-04-30,2016-03-28,자동식 창닦이기(와이퍼) 구동 모터 내부 부품의 결함으로 자동식 창닦이기가 작동하지 않아 안전운행에 지장을 줄 가능성이 발견,,
현대자동차,에쿠스,2011-07-10,2012-06-12,2016-03-28,자동식 창닦이기(와이퍼) 구동 모터 내부 부품의 결함으로 자동식 창닦이기가 작동하지 않아 안전운행에 지장을 줄 가능성이 발견,,
현대자동차,아반떼 HD,2008-01-02,2009-08-22,2016-04-12,"앞열(운전석, 동승석) 에어백이 미전개 조건(주행 시 과속방지턱, 주차장멈춤턱 등으로 인해 차체 하단 부위 충격 발생)에서 전개되어 안전운행에 지장을 주는 결함으로 확인",,
현대자동차,쏘나타 YF,2010-01-19,2010-07-08,2016-04-18,전동식 스티어링(조향장치) ECU 회로기판의 코팅불량으로 인해 수분 유입시 전자회로가 단락되어 스티어링 휠이 무거워질 가능성,,
현대자동차,소나타 LF,2014-06-16,2016-01-16,2016-05-03,운전석 에어백 내부 부품 결함으로 에어백이 정상적으로 전개되지 않을 가능성,,
현대자동차,아반떼 AD,2015-09-05,2015-09-08,2016-05-03,운전석 에어백 내부 부품 결함으로 에어백이 정상적으로 전개되지 않을 가능성,,
현대자동차,투싼,2015-03-15,2016-03-15,2016-06-30,후드 2차 잠금장치의 제작결함으로 후드걸쇠장치가 열린 상태로 주행할 경우 2차 잠금장치가 제대로 작동되지 않아 주행 중 후드가 열려 안전운행에 지장을 줄 가능성 발견,,
현대자동차,투싼(TL),2015-12-17,2016-05-31,2016-09-22,변속기 소프트웨어 오류로 차량 정차 후 재출발 시 가속이 지연되거나 가속이 안 될 가능성,,
현대자동차,그랜저(TG),2007-03-07,2007-08-14,2016-09-22,전동식 좌석(파워 시트) 스위치의 내부 부품이 부식되어 주행 중 전동식 좌석 기능이 제대로 작동하지 않거나 임의로 움직일 가능성,,
현대자동차,싼타페,2015-05-27,2015-06-05,2016-10-21,승객감지장치 제어 유닛 설정 오류로 충돌시 동승자석의 에어백이 미전개될 가능성 ,,
현대자동차,쏘나타(LF),2014-03-07,2015-08-13,2016-10-31,파노라마 선루프의 윈드 디플렉터가 제대로 고정되어 있지 않아 선루프(창유리)가 차량에서 이탈되어 사고가 발생할 가능성,,
현대자동차,쏘나타 하이브리드(LF HEV),2014-12-03,2015-08-18,2016-10-31,파노라마 선루프의 윈드 디플렉터가 제대로 고정되어 있지 않아 선루프(창유리)가 차량에서 이탈되어 사고가 발생할 가능성,,
현대자동차,그랜드스타렉스(TQ),2016-09-28,2016-09-30,2016-11-14,전조등 설치 불량으로 광축이 기준보다 좌측방향으로 설정되었을 경우 반대편 운전자의 눈부심을 증가시켜 안전운행에 지장을 줄 가능성,,
현대자동차,맥스크루즈(NC),2016-09-28,2016-09-30,2016-11-14,전조등 설치 불량으로 광축이 기준보다 좌측방향으로 설정되었을 경우 반대편 운전자의 눈부심을 증가시켜 안전운행에 지장을 줄 가능성,,
아이씨피 주식회사,인정로우베드 트레일러,2006-03-01,2011-02-28,2016-06-17,"1)적재함 슬라이드 변경 2)가변축 변경 3)가변폭(날개) 변경 4)용머리 리프팅 설치 5) 후단 발판 설치 6) 절재함 길이 변경 7) 트위스트락 설치 8)축간거리 변경 9) 적재함 상판상이신고한 제원과 다르게 제작, 안전기준 위반",,
다임러트럭코리아,Actros,2011-09-14,2014-04-11,2016-10-26,좌석안전띠 부착장치 강도가 안전기준에 부적합,,
다임러트럭코리아,Arocs,2015-07-03,2015-07-03,2016-02-22,전조등 높낮이 조정 단계 설정이 부적절하여 운전자 시야확보에 문제가 발생할 수 있음,,
다임러트럭코리아,Citaro,2010-03-13,2011-12-21,2016-05-23,연료라인의 고정 클램프가 부적절하게 체결되어 클램프가 이탈 또는 파손될 경우 연료 누유로 인한 화재 발생 가능성,,
다임러트럭코리아,Unimog U530,2015-05-07,2015-10-30,2016-06-09,중앙전기시스템 작동과 관련된 전기배선의 고정 너트 체결불량으로 등화장치 등 전기장치 오작동을 일으켜 안전운행에 지장을 줄 가능성,,
다임러트럭코리아,Unimog U5023,2015-10-19,2015-10-19,2016-06-09,중앙전기시스템 작동과 관련된 전기배선의 고정 너트 체결불량으로 등화장치 등 전기장치 오작동을 일으켜 안전운행에 지장을 줄 가능성,,
다임러트럭코리아,Unimog 500,2010-09-14,2014-09-30,2016-06-09,후부반사기 미설치 안전기준(제49조) 위반,,
다임러트럭코리아,Unimog 400,2011-04-18,2014-07-28,2016-06-09,후부반사기 미설치 안전기준(제49조) 위반,,
다임러트럭코리아,Unimog 300,2015-05-08,2015-10-30,2016-06-09,후부반사기 미설치 안전기준(제49조) 위반,,
다임러트럭코리아,Arocs 화물,2014-09-03,2016-04-04,2016-07-13,배기가스발산방지장치와 배기관 사이에 장착된 가스켓*의 재질 불량으로 고온의 배기가스가 가스켓을 통해 누출되어 화재 발생 가능성,,
다임러트럭코리아,Arocs 특수,2014-08-26,2016-03-02,2016-07-13,배기가스발산방지장치와 배기관 사이에 장착된 가스켓*의 재질 불량으로 고온의 배기가스가 가스켓을 통해 누출되어 화재 발생 가능성,,
다임러트럭코리아,Actros,2014-07-30,2016-04-08,2016-07-13,배기가스발산방지장치와 배기관 사이에 장착된 가스켓*의 재질 불량으로 고온의 배기가스가 가스켓을 통해 누출되어 화재 발생 가능성,,
다임러트럭코리아,Arocs,2014-09-03,2015-07-17,2016-08-03,뒷 차축 주위의 전기배선 및 브레이크 호스 조립 불량으로 추진 축(프로펠라 샤프트)과 간섭될 경우 브레이크 호스가 손상되어 운행 중 주차제동장치가 작동하여 급정지 등으로 인한 안전운행 지장 가능성,,
다임러트럭코리아,Arocs,2016-06-13,2016-08-01,2016-10-19,공기식 제동장치의 내부부품 결함으로 운전자의 의도와 다르게 최대의 압력으로 제동이 걸려 사고가 발생할 가능성,,
다임러트럭코리아,Actros,2016-06-17,2016-08-09,2016-10-19,공기식 제동장치의 내부부품 결함으로 운전자의 의도와 다르게 최대의 압력으로 제동이 걸려 사고가 발생할 가능성,,
다임러트럭코리아,Arocs,2015-11-21,2016-02-03,2016-11-30,"고압연료펌프를 고정하는 브래킷이 잘못된 부품으로 장착되어 고압연료펌프와 연결된 파워스티어링 펌프 축이 정확한 위치에 연결되어 있지 않아, 축이 파손될 경우 운전자 의도대로 조향이 안되어 주행 중 사고가 발생할 가능성",,
다임러트럭코리아,Actros,2015-09-08,2016-01-29,2016-11-30,"고압연료펌프를 고정하는 브래킷이 잘못된 부품으로 장착되어 고압연료펌프와 연결된 파워스티어링 펌프 축이 정확한 위치에 연결되어 있지 않아, 축이 파손될 경우 운전자 의도대로 조향이 안되어 주행 중 사고가 발생할 가능성",,
만트럭버스코리아,TGX,2016-02-15,2016-02-17,2016-10-07,배출가스 발산방지장치(DPF)의 제작결함이 발생하여 연료소비 증가 및 엔진출력 저하 가능성,,
메르세데스벤츠코리아,S63 AMG 4MATIC Coupe,2014-08-22,2015-11-11,2016-01-11,엔진 ECU(전자제어시스템) 프로그램 결함으로 인해 주행 중 감속시 순간적으로 연료 공급이 원활하지 않아 시동이 꺼질 수 있음,,
메르세데스벤츠코리아,S63 AMG 4MATIC Convertible,2015-11-05,2015-11-05,2016-01-11,엔진 ECU(전자제어시스템) 프로그램 결함으로 인해 주행 중 감속시 순간적으로 연료 공급이 원활하지 않아 시동이 꺼질 수 있음,,
메르세데스벤츠코리아,S63 AMG 4MATIC Long,2013-08-22,2015-11-12,2016-01-11,엔진 ECU(전자제어시스템) 프로그램 결함으로 인해 주행 중 감속시 순간적으로 연료 공급이 원활하지 않아 시동이 꺼질 수 있음,,
메르세데스벤츠코리아,S63 AMG ,2014-03-27,2014-03-27,2016-01-11,엔진 ECU(전자제어시스템) 프로그램 결함으로 인해 주행 중 감속시 순간적으로 연료 공급이 원활하지 않아 시동이 꺼질 수 있음,,
메르세데스벤츠코리아,C200 KOMPRESSOR,2007-01-31,2008-12-03,2016-03-14,에어백(콘티넨탈 오토모티브 시스템社 부품) 제어장치 내부결함으로 습기 유입시 전원공급장치가 부식되어 이로 인해 차량충돌 시 에어백이 미전개되거나 충돌하지 않아도 에어백이 터지는 등 오작동을 일으킬 가능성,,
메르세데스벤츠코리아,C220 CDI,2007-01-31,2008-12-03,2016-03-14,에어백(콘티넨탈 오토모티브 시스템社 부품) 제어장치 내부결함으로 습기 유입시 전원공급장치가 부식되어 이로 인해 차량충돌 시 에어백이 미전개되거나 충돌하지 않아도 에어백이 터지는 등 오작동을 일으킬 가능성,,
메르세데스벤츠코리아,C230,2007-01-31,2008-12-03,2016-03-14,에어백(콘티넨탈 오토모티브 시스템社 부품) 제어장치 내부결함으로 습기 유입시 전원공급장치가 부식되어 이로 인해 차량충돌 시 에어백이 미전개되거나 충돌하지 않아도 에어백이 터지는 등 오작동을 일으킬 가능성,,
메르세데스벤츠코리아,C280,2007-01-31,2008-12-03,2016-03-14,에어백(콘티넨탈 오토모티브 시스템社 부품) 제어장치 내부결함으로 습기 유입시 전원공급장치가 부식되어 이로 인해 차량충돌 시 에어백이 미전개되거나 충돌하지 않아도 에어백이 터지는 등 오작동을 일으킬 가능성,,
메르세데스벤츠코리아,C280 4MATIC,2007-01-31,2008-12-03,2016-03-14,에어백(콘티넨탈 오토모티브 시스템社 부품) 제어장치 내부결함으로 습기 유입시 전원공급장치가 부식되어 이로 인해 차량충돌 시 에어백이 미전개되거나 충돌하지 않아도 에어백이 터지는 등 오작동을 일으킬 가능성,,
메르세데스벤츠코리아,C300,2007-01-31,2008-12-03,2016-03-14,에어백(콘티넨탈 오토모티브 시스템社 부품) 제어장치 내부결함으로 습기 유입시 전원공급장치가 부식되어 이로 인해 차량충돌 시 에어백이 미전개되거나 충돌하지 않아도 에어백이 터지는 등 오작동을 일으킬 가능성,,
메르세데스벤츠코리아,C300 4MATIC,2007-01-31,2008-12-03,2016-03-14,에어백(콘티넨탈 오토모티브 시스템社 부품) 제어장치 내부결함으로 습기 유입시 전원공급장치가 부식되어 이로 인해 차량충돌 시 에어백이 미전개되거나 충돌하지 않아도 에어백이 터지는 등 오작동을 일으킬 가능성,,
메르세데스벤츠코리아,C350,2007-01-31,2008-12-03,2016-03-14,에어백(콘티넨탈 오토모티브 시스템社 부품) 제어장치 내부결함으로 습기 유입시 전원공급장치가 부식되어 이로 인해 차량충돌 시 에어백이 미전개되거나 충돌하지 않아도 에어백이 터지는 등 오작동을 일으킬 가능성,,
메르세데스벤츠코리아,C350 4MATIC,2007-01-31,2008-12-03,2016-03-14,에어백(콘티넨탈 오토모티브 시스템社 부품) 제어장치 내부결함으로 습기 유입시 전원공급장치가 부식되어 이로 인해 차량충돌 시 에어백이 미전개되거나 충돌하지 않아도 에어백이 터지는 등 오작동을 일으킬 가능성,,
메르세데스벤츠코리아,C63 AMG,2007-01-31,2008-12-03,2016-03-14,에어백(콘티넨탈 오토모티브 시스템社 부품) 제어장치 내부결함으로 습기 유입시 전원공급장치가 부식되어 이로 인해 차량충돌 시 에어백이 미전개되거나 충돌하지 않아도 에어백이 터지는 등 오작동을 일으킬 가능성,,
메르세데스벤츠코리아,GLC 220 BLUETEC 4MATIC,2015-07-24,2015-07-24,2016-04-11,"조향장치 스위치 모듈 전기배선의 조립불량으로 전기배선이 손상될 경우 방향지시등 고장, 에어백 오작동 등 안전운행에 지장을 줄 가능성 발견",,
메르세데스벤츠코리아,SLK 200,2015-04-29,2015-07-23,2016-05-12,"배선 설계 오류로 인해 예비전원이 공급되지 않을 경우, P단 기어 변속과 주차브레이크가 작동하지 않아 경사로 등에서 주·정차시 차량이 움직이며 사고가 발생할 가능성 발견",,
메르세데스벤츠코리아,E200,2015-12-08,2016-05-10,2016-06-03,파워트레인 컨트롤 유닛(동력 전달 컨트롤 유닛)의 소프트웨어 오류로 엔진에서 발생된 동력이 자동변속기로 전달되지 않아 주행중 사고발생 가능성,,
메르세데스벤츠코리아,E220 CDI,2015-12-08,2016-05-10,2016-06-03,파워트레인 컨트롤 유닛(동력 전달 컨트롤 유닛)의 소프트웨어 오류로 엔진에서 발생된 동력이 자동변속기로 전달되지 않아 주행중 사고발생 가능성,,
메르세데스벤츠코리아,E300,2015-12-08,2016-05-10,2016-06-03,파워트레인 컨트롤 유닛(동력 전달 컨트롤 유닛)의 소프트웨어 오류로 엔진에서 발생된 동력이 자동변속기로 전달되지 않아 주행중 사고발생 가능성,,
메르세데스벤츠코리아,E300 4MATIC,2015-12-08,2016-05-10,2016-06-03,파워트레인 컨트롤 유닛(동력 전달 컨트롤 유닛)의 소프트웨어 오류로 엔진에서 발생된 동력이 자동변속기로 전달되지 않아 주행중 사고발생 가능성,,
메르세데스벤츠코리아,E350 BLUETEC,2015-12-08,2016-05-10,2016-06-03,파워트레인 컨트롤 유닛(동력 전달 컨트롤 유닛)의 소프트웨어 오류로 엔진에서 발생된 동력이 자동변속기로 전달되지 않아 주행중 사고발생 가능성,,
메르세데스벤츠코리아,E400 4MATIC,2015-12-08,2016-05-10,2016-06-03,파워트레인 컨트롤 유닛(동력 전달 컨트롤 유닛)의 소프트웨어 오류로 엔진에서 발생된 동력이 자동변속기로 전달되지 않아 주행중 사고발생 가능성,,
메르세데스벤츠코리아,E450 AMG SPORT 4MATIC,2015-12-08,2016-05-10,2016-06-03,파워트레인 컨트롤 유닛(동력 전달 컨트롤 유닛)의 소프트웨어 오류로 엔진에서 발생된 동력이 자동변속기로 전달되지 않아 주행중 사고발생 가능성,,
메르세데스벤츠코리아,SLK 200,2016-01-20,2016-03-18,2016-07-01,뒷차축의 일부 부품(타이로드를 고정하는 락너트)의 제조 불량으로 뒷바퀴의 정렬상태가 유지되지 않아 안전운행에 지장을 줄 가능성,,
메르세데스벤츠코리아,SLC 43 AMG,2016-01-20,2016-03-18,2016-07-01,뒷차축의 일부 부품(타이로드를 고정하는 락너트)의 제조 불량으로 뒷바퀴의 정렬상태가 유지되지 않아 안전운행에 지장을 줄 가능성,,
메르세데스벤츠코리아,SLK 55 AMG,2016-01-20,2016-03-18,2016-07-01,뒷차축의 일부 부품(타이로드를 고정하는 락너트)의 제조 불량으로 뒷바퀴의 정렬상태가 유지되지 않아 안전운행에 지장을 줄 가능성,,
메르세데스벤츠코리아,AMG GT S,2015-06-01,2015-07-24,2016-07-08,동력전달축(드라이브 샤프트) 부품의 결함으로 주행시 동력전달축이 분리되어 엔진 동력이 정상적으로 바퀴에 전달되지 않아 안전운행에 지장을 줄 가능성,,
메르세데스벤츠코리아,GLA 45 AMG 4MATIC,2015-10-26,2015-11-20,2016-07-08,자동변속기 내부 부품(더블클러치) 용접 불량으로 파손될 경우 주행시 엔진 동력이 정상적으로 바퀴에 전달되지 않아 안전운행에 지장을 줄 가능성,,
메르세데스벤츠코리아,CLA 45 AMG 4MATIC,2015-10-26,2015-11-20,2016-07-08,자동변속기 내부 부품(더블클러치) 용접 불량으로 파손될 경우 주행시 엔진 동력이 정상적으로 바퀴에 전달되지 않아 안전운행에 지장을 줄 가능성,,
메르세데스벤츠코리아,A 45 AMG 4MATIC,2015-10-26,2015-11-20,2016-07-08,자동변속기 내부 부품(더블클러치) 용접 불량으로 파손될 경우 주행시 엔진 동력이 정상적으로 바퀴에 전달되지 않아 안전운행에 지장을 줄 가능성,,
메르세데스벤츠코리아,C220 BLUETEC 4 MATIC,2015-12-09,2015-12-09,2016-07-08,전자식 조향장치 소프트웨어 오류로 일시적으로 조향 보조장치가 정상 작동하지 않아 안전운행에 지장을 줄 가능성,,
메르세데스벤츠코리아,ML 350 BLUETEC 4MATIC,2015-04-27,2015-05-19,2016-07-08,뒷좌석 우측 좌석안전띠 고정체의 볼트조립불량으로 충돌 시 승객을 보호하지 못할 가능성,,
메르세데스벤츠코리아,SLK 200,2015-06-29,2015-07-13,2016-07-08,전조등(하향등)의 광축조절장치 설정 오류로 전조등이 비추는 면적이 좁아 야간 운행시 안전운행에 지장을 줄 가능성,,
메르세데스벤츠코리아,SL400,2015-06-29,2015-07-13,2016-07-08,전조등(하향등)의 광축조절장치 설정 오류로 전조등이 비추는 면적이 좁아 야간 운행시 안전운행에 지장을 줄 가능성,,
메르세데스벤츠코리아,B200 CDI,2015-11-25,2015-12-09,2016-08-19,"엔진 하부를 보호하는 언더커버가 착오로 설치되지 않아, 그로 인해 전면 범퍼의 하부 보강재가 정상적으로 고정되지 않게 되어, 보행자와의 차량 충돌 시 보행자의 상해 위험이 증가될 가능성",,
메르세데스벤츠코리아,CLA 200 CDI,2015-11-25,2015-12-09,2016-08-19,"엔진 하부를 보호하는 언더커버가 착오로 설치되지 않아, 그로 인해 전면 범퍼의 하부 보강재가 정상적으로 고정되지 않게 되어, 보행자와의 차량 충돌 시 보행자의 상해 위험이 증가될 가능성",,
메르세데스벤츠코리아,CLA 200 CDI 4MATIC,2015-11-25,2015-12-09,2016-08-19,"엔진 하부를 보호하는 언더커버가 착오로 설치되지 않아, 그로 인해 전면 범퍼의 하부 보강재가 정상적으로 고정되지 않게 되어, 보행자와의 차량 충돌 시 보행자의 상해 위험이 증가될 가능성",,
메르세데스벤츠코리아,C200 BLUETEC,2013-12-18,2016-04-04,2016-09-09,연료고압펌프와 연결된 연료고압라인의 제작결함으로 누유가 발생할 경우 연료가 부족하여 주행중 엔진이 정지해 사고가 발생할 가능성,,
메르세데스벤츠코리아,C63 AMG S,2016-06-20,2016-06-20,2016-10-07,전방 스포일러 미들 립의 조립 불량으로 주행 중 스포일러 미들 립이 차량에서 이탈될 경우 안전사고가 발생할 가능성,,
메르세데스벤츠코리아,S350d,2015-11-27,2016-04-01,2016-10-21,변속기 배선의 설치 불량으로 배기열에 의해 배선이 손상될 경우 주행 중 변속기가 ‘중립’ 기어로 변속되거나 주차 시 ‘주차’ 기어로 변속이 되지 않아 사고가 발생할 가능성,,
메르세데스벤츠코리아,S350d Long,2015-11-27,2016-04-08,2016-10-21,변속기 배선의 설치 불량으로 배기열에 의해 배선이 손상될 경우 주행 중 변속기가 ‘중립’ 기어로 변속되거나 주차 시 ‘주차’ 기어로 변속이 되지 않아 사고가 발생할 가능성,,
메르세데스벤츠코리아,S350d 4M,2015-11-27,2016-04-08,2016-10-21,변속기 배선의 설치 불량으로 배기열에 의해 배선이 손상될 경우 주행 중 변속기가 ‘중립’ 기어로 변속되거나 주차 시 ‘주차’ 기어로 변속이 되지 않아 사고가 발생할 가능성,,
메르세데스벤츠코리아,S350d 4 Long,2015-11-30,2016-04-11,2016-10-21,변속기 배선의 설치 불량으로 배기열에 의해 배선이 손상될 경우 주행 중 변속기가 ‘중립’ 기어로 변속되거나 주차 시 ‘주차’ 기어로 변속이 되지 않아 사고가 발생할 가능성,,
메르세데스벤츠코리아,E200,2016-04-06,2016-04-06,2016-11-18,뒷좌석 프레임과 연료펌프 배선 간에 간섭이 일어나 배선이 손상될 경우 주행 중 시동이 꺼져 사고가 발생할 가능성,,
메르세데스벤츠코리아,E220 CDI,2015-12-23,2016-06-06,2016-11-18,뒷좌석 프레임과 연료펌프 배선 간에 간섭이 일어나 배선이 손상될 경우 주행 중 시동이 꺼져 사고가 발생할 가능성,,
메르세데스벤츠코리아,E300,2015-12-21,2016-06-16,2016-11-18,뒷좌석 프레임과 연료펌프 배선 간에 간섭이 일어나 배선이 손상될 경우 주행 중 시동이 꺼져 사고가 발생할 가능성,,
메르세데스벤츠코리아,E300 4MATIC,2015-12-22,2016-05-02,2016-11-18,뒷좌석 프레임과 연료펌프 배선 간에 간섭이 일어나 배선이 손상될 경우 주행 중 시동이 꺼져 사고가 발생할 가능성,,
메르세데스벤츠코리아,E350 BLUTEC,2015-12-22,2015-12-22,2016-11-18,뒷좌석 프레임과 연료펌프 배선 간에 간섭이 일어나 배선이 손상될 경우 주행 중 시동이 꺼져 사고가 발생할 가능성,,
메르세데스벤츠코리아,E450 AMG SPORT,2016-05-10,2016-05-10,2016-11-18,뒷좌석 프레임과 연료펌프 배선 간에 간섭이 일어나 배선이 손상될 경우 주행 중 시동이 꺼져 사고가 발생할 가능성,,
메르세데스벤츠코리아,S63 AMG 4M Coupe,2015-09-08,2016-02-01,2016-11-18,전조등 설치 불량으로 광축이 기준보다 위쪽방향으로 설정되었을 경우 반대편 운전자의 눈부심을 증가시켜 안전운행에 지장을 줄 가능성,,
메르세데스벤츠코리아,S63 AMG 4M Cabriolet,2015-10-05,2015-10-12,2016-11-18,전조등 설치 불량으로 광축이 기준보다 위쪽방향으로 설정되었을 경우 반대편 운전자의 눈부심을 증가시켜 안전운행에 지장을 줄 가능성,,
메르세데스벤츠코리아,S63 AMG 4M Coupe,2015-10-14,2016-03-01,2016-12-13,시트 벨트 익스텐더 컨트롤 유닛의 소프트웨어 설정 오류로 인하여 좌석 안전띠가 탑승자의 몸에 제대로 착용되지 않아 사고시 탑승자를 보호하지 못할 가능성,,
메르세데스벤츠코리아,S63 AMG 4M Cabriolet,2015-10-05,2015-10-12,2016-12-13,시트 벨트 익스텐더 컨트롤 유닛의 소프트웨어 설정 오류로 인하여 좌석 안전띠가 탑승자의 몸에 제대로 착용되지 않아 사고시 탑승자를 보호하지 못할 가능성,,
메르세데스벤츠코리아,S65 AMG Coupe,2016-03-02,2016-03-02,2016-12-13,시트 벨트 익스텐더 컨트롤 유닛의 소프트웨어 설정 오류로 인하여 좌석 안전띠가 탑승자의 몸에 제대로 착용되지 않아 사고시 탑승자를 보호하지 못할 가능성,,
미쓰비시자동차공업㈜,L200,2012-02-15,2013-12-12,2016-08-01,충돌로 인한 운전석 에어백(일본 타카타社 부품) 전개시 과도한 폭발압력으로 발생한 내부 부품의 금속 파편이 승객 등에게 상해를 입힐 가능성 발견,,
미쓰비시자동차공업㈜,파제로,2008-11-28,2012-07-18,2016-12-01,(건조제 없는 인플레이터)충돌로 인한 운전석 에어백(일본 타카타社 부품) 전개시 과도한 폭발압력으로 발생한 내부 부품의 금속 파편이 승객 등에게 상해를 입힐 가능성 발견,,
스바루코리아㈜,레거시,2009-10-06,2012-08-23,2016-11-14,앞면 창유리의 창닦이기 장치(와이퍼)의 모터가 과열되어 작동하지 않을 경우 시야확보가 어려워 안전운행에 지장을 줄 가능성,,
스바루코리아㈜,아웃백,2009-08-23,2012-08-23,2016-11-14,앞면 창유리의 창닦이기 장치(와이퍼)의 모터가 과열되어 작동하지 않을 경우 시야확보가 어려워 안전운행에 지장을 줄 가능성,,
볼보그룹코리아_트럭,FH카고,2014-01-28,2014-08-21,2016-02-04,앞차축(1축) 브레이크 호스의 제작결함으로 조향시 앞차축 타이어와 간섭이 발생하여 마모가 일어나 브레이크 성능이 저하될 가능성,,
볼보그룹코리아_트럭,FM카고,2014-01-28,2014-08-21,2016-02-04,앞차축(1축) 브레이크 호스의 제작결함으로 조향시 앞차축 타이어와 간섭이 발생하여 마모가 일어나 브레이크 성능이 저하될 가능성,,
볼보그룹코리아_트럭,FH카고,2013-12-20,2015-11-18,2016-02-15,차체 상단 표시장치(사인보드) 광도가 밝아서 반대편 운전자의 운행에 영향을 미칠 가능성,,
볼보그룹코리아_트럭,FH 트랙터,2013-12-20,2015-11-18,2016-02-15,차체 상단 표시장치(사인보드) 광도가 밝아서 반대편 운전자의 운행에 영향을 미칠 가능성,,
볼보그룹코리아_트럭,FL카고,2015-11-02,2015-11-02,2016-02-26,"캡 틸트 실린터 브라켓 볼트의 체결토크가 설계치보다 작게 체결되어, 캡 틸트 작업 중 소음 발생 및 브라켓 탈락 가능성 발견",,
볼보그룹코리아_트럭,FH 트랙터,2014-09-08,2015-09-24,2016-05-03,캐빈 틸팅 실린더 등의 부품 제작결함으로 캐빈틸팅 작동시 캐빈이 빠르게 기울어져 자동차 점검정비시 작업자에게 피해를 줄 수 있는 가능성,,
볼보그룹코리아_트럭,FH카고,2014-09-08,2015-09-24,2016-05-03,캐빈 틸팅 실린더 등의 부품 제작결함으로 캐빈틸팅 작동시 캐빈이 빠르게 기울어져 자동차 점검정비시 작업자에게 피해를 줄 수 있는 가능성,,
볼보그룹코리아_트럭,FH 트랙터,2013-12-20,2016-09-08,2016-12-13,"먼지,습기 등에 의해 발생한 미세전류의 누전이 차단되지 않아 실내등에서 화재가 발생할 가능성",,
볼보그룹코리아_트럭,FH카고,2014-01-29,2016-09-06,2016-12-13,"먼지,습기 등에 의해 발생한 미세전류의 누전이 차단되지 않아 실내등에서 화재가 발생할 가능성",,
볼보자동차코리아,S80(A70),2014-12-15,2015-03-10,2016-01-27,엔진 ECM(전자제어시스템) 프로그램 결함으로 인해 연료 게이지 상에는 연료가 있는 것으로 표시되나 실제로는 가용 연료가 없어 시동이 꺼질 가능성,,
볼보자동차코리아,XC60(D70),2014-11-20,2015-04-16,2016-01-27,엔진 ECM(전자제어시스템) 프로그램 결함으로 인해 연료 게이지 상에는 연료가 있는 것으로 표시되나 실제로는 가용 연료가 없어 시동이 꺼질 가능성,,
볼보자동차코리아,XC70(BZ73),2014-11-21,2015-04-17,2016-01-27,엔진 ECM(전자제어시스템) 프로그램 결함으로 인해 연료 게이지 상에는 연료가 있는 것으로 표시되나 실제로는 가용 연료가 없어 시동이 꺼질 가능성,,
볼보자동차코리아,S60CC(FHA8),2015-03-31,2015-12-11,2016-01-27,엔진 ECM(전자제어시스템) 프로그램 결함으로 인해 연료 게이지 상에는 연료가 있는 것으로 표시되나 실제로는 가용 연료가 없어 시동이 꺼질 가능성,,
볼보자동차코리아,V60CC(FZA8),2014-11-11,2015-12-11,2016-01-27,엔진 ECM(전자제어시스템) 프로그램 결함으로 인해 연료 게이지 상에는 연료가 있는 것으로 표시되나 실제로는 가용 연료가 없어 시동이 꺼질 가능성,,
볼보자동차코리아,XC60(DZA8),2014-05-06,2015-12-11,2016-01-27,엔진 ECM(전자제어시스템) 프로그램 결함으로 인해 연료 게이지 상에는 연료가 있는 것으로 표시되나 실제로는 가용 연료가 없어 시동이 꺼질 가능성,,
볼보자동차코리아,XC70(BZ73),2014-04-24,2015-12-11,2016-01-27,엔진 ECM(전자제어시스템) 프로그램 결함으로 인해 연료 게이지 상에는 연료가 있는 것으로 표시되나 실제로는 가용 연료가 없어 시동이 꺼질 가능성,,
볼보자동차코리아,S60CC,2015-03-31,2016-02-18,2016-03-21,ECM(엔진 제어 모듈) 소프트웨어 오류로 주행 중 시동이 일시적으로 꺼져 조향성능이 저하되고 급격하게 감속되어 사고를 일으킬 가능성,,
볼보자동차코리아,V60CC,2015-03-19,2016-02-18,2016-03-21,ECM(엔진 제어 모듈) 소프트웨어 오류로 주행 중 시동이 일시적으로 꺼져 조향성능이 저하되고 급격하게 감속되어 사고를 일으킬 가능성,,
볼보자동차코리아,XC60,2015-01-26,2016-02-18,2016-03-21,ECM(엔진 제어 모듈) 소프트웨어 오류로 주행 중 시동이 일시적으로 꺼져 조향성능이 저하되고 급격하게 감속되어 사고를 일으킬 가능성,,
볼보자동차코리아,XC70,2014-10-21,2016-02-18,2016-03-21,ECM(엔진 제어 모듈) 소프트웨어 오류로 주행 중 시동이 일시적으로 꺼져 조향성능이 저하되고 급격하게 감속되어 사고를 일으킬 가능성,,
볼보자동차코리아,XC90,2016-04-21,2016-09-06,2016-10-21,에어컨 배수 호스의 장착 불량으로 수분이 각종 전자 장치에 침투할 경우 안전운행에 지장을 줄 가능성,,
볼보자동차코리아,S90,2016-05-23,2016-08-23,2016-10-21,에어컨 배수 호스의 장착 불량으로 수분이 각종 전자 장치에 침투할 경우 안전운행에 지장을 줄 가능성,,
비엠더블유코리아,MINI Cooper,2004-12-23,2005-02-14,2016-03-31,파워스티어링 펌프 부품 결함으로 조향 보조장치가 정상 작동하지 않을 가능성,,
비엠더블유코리아,MINI Cooper S,2004-12-24,2005-02-01,2016-03-31,파워스티어링 펌프 부품 결함으로 조향 보조장치가 정상 작동하지 않을 가능성,,
비엠더블유코리아,320d,2014-06-25,2014-09-02,2016-05-19,저압 연료 공급 라인의 제작공정상 결함으로 균열이 발생하여 연료가 누설될 경우 주행 중 시동 꺼짐 및 화재 발생 가능성,,
비엠더블유코리아,32d ED,2014-06-25,2014-08-25,2016-05-19,저압 연료 공급 라인의 제작공정상 결함으로 균열이 발생하여 연료가 누설될 경우 주행 중 시동 꺼짐 및 화재 발생 가능성,,
비엠더블유코리아,320d GT,2014-07-02,2014-07-31,2016-05-19,저압 연료 공급 라인의 제작공정상 결함으로 균열이 발생하여 연료가 누설될 경우 주행 중 시동 꺼짐 및 화재 발생 가능성,,
비엠더블유코리아,320d Touring,2014-07-11,2014-08-08,2016-05-19,저압 연료 공급 라인의 제작공정상 결함으로 균열이 발생하여 연료가 누설될 경우 주행 중 시동 꺼짐 및 화재 발생 가능성,,
비엠더블유코리아,320d xDrive,2014-06-25,2014-08-25,2016-05-19,저압 연료 공급 라인의 제작공정상 결함으로 균열이 발생하여 연료가 누설될 경우 주행 중 시동 꺼짐 및 화재 발생 가능성,,
비엠더블유코리아,320d xDrive GT,2014-06-25,2014-09-01,2016-05-19,저압 연료 공급 라인의 제작공정상 결함으로 균열이 발생하여 연료가 누설될 경우 주행 중 시동 꺼짐 및 화재 발생 가능성,,
비엠더블유코리아,320d xDrive Touring,2014-06-28,2014-08-08,2016-05-19,저압 연료 공급 라인의 제작공정상 결함으로 균열이 발생하여 연료가 누설될 경우 주행 중 시동 꺼짐 및 화재 발생 가능성,,
비엠더블유코리아,420d Coupe,2014-07-10,2014-08-08,2016-05-19,저압 연료 공급 라인의 제작공정상 결함으로 균열이 발생하여 연료가 누설될 경우 주행 중 시동 꺼짐 및 화재 발생 가능성,,
비엠더블유코리아,420d Gran Coupe,2014-06-25,2014-09-01,2016-05-19,저압 연료 공급 라인의 제작공정상 결함으로 균열이 발생하여 연료가 누설될 경우 주행 중 시동 꺼짐 및 화재 발생 가능성,,
비엠더블유코리아,420d xDrive Coupe,2014-08-07,2014-08-08,2016-05-19,저압 연료 공급 라인의 제작공정상 결함으로 균열이 발생하여 연료가 누설될 경우 주행 중 시동 꺼짐 및 화재 발생 가능성,,
비엠더블유코리아,420d xDrive Gran Coupe,2014-07-08,2014-09-03,2016-05-19,저압 연료 공급 라인의 제작공정상 결함으로 균열이 발생하여 연료가 누설될 경우 주행 중 시동 꺼짐 및 화재 발생 가능성,,
비엠더블유코리아,118d,2014-06-25,2014-08-13,2016-05-19,저압 연료 공급 라인의 제작공정상 결함으로 균열이 발생하여 연료가 누설될 경우 주행 중 시동 꺼짐 및 화재 발생 가능성,,
비엠더블유코리아,120d,2014-07-30,2014-07-30,2016-05-19,저압 연료 공급 라인의 제작공정상 결함으로 균열이 발생하여 연료가 누설될 경우 주행 중 시동 꺼짐 및 화재 발생 가능성,,
비엠더블유코리아,325Xi,2002-03-23,2004-02-25,2016-09-30,운전석 에어백(다카타社) 내부 부품 불량으로 에어백이 정상적으로 작동하지 않을 가능성,,
비엠더블유코리아,316i,2003-03-20,2003-03-20,2016-09-30,운전석 에어백(다카타社) 내부 부품 불량으로 에어백이 정상적으로 작동하지 않을 가능성,,
비엠더블유코리아,318i,2002-01-14,2004-10-26,2016-09-30,운전석 에어백(다카타社) 내부 부품 불량으로 에어백이 정상적으로 작동하지 않을 가능성,,
비엠더블유코리아,320i,2002-01-14,2004-10-28,2016-09-30,운전석 에어백(다카타社) 내부 부품 불량으로 에어백이 정상적으로 작동하지 않을 가능성,,
비엠더블유코리아,325i,2002-01-14,2004-11-11,2016-09-30,운전석 에어백(다카타社) 내부 부품 불량으로 에어백이 정상적으로 작동하지 않을 가능성,,
비엠더블유코리아,325i Cabrio,2002-01-04,2006-01-31,2016-09-30,운전석 에어백(다카타社) 내부 부품 불량으로 에어백이 정상적으로 작동하지 않을 가능성,,
비엠더블유코리아,325i Coupe,2003-01-02,2003-05-12,2016-09-30,운전석 에어백(다카타社) 내부 부품 불량으로 에어백이 정상적으로 작동하지 않을 가능성,,
비엠더블유코리아,325i Tourer,2003-01-10,2003-01-10,2016-09-30,운전석 에어백(다카타社) 내부 부품 불량으로 에어백이 정상적으로 작동하지 않을 가능성,,
비엠더블유코리아,330i,2002-01-10,2004-02-20,2016-09-30,운전석 에어백(다카타社) 내부 부품 불량으로 에어백이 정상적으로 작동하지 않을 가능성,,
비엠더블유코리아,330i Cabrio,2002-06-21,2003-08-29,2016-09-30,운전석 에어백(다카타社) 내부 부품 불량으로 에어백이 정상적으로 작동하지 않을 가능성,,
비엠더블유코리아,330i Coupe,2003-01-31,2004-01-23,2016-09-30,운전석 에어백(다카타社) 내부 부품 불량으로 에어백이 정상적으로 작동하지 않을 가능성,,
비엠더블유코리아,330Xi,2003-04-29,2003-04-29,2016-09-30,운전석 에어백(다카타社) 내부 부품 불량으로 에어백이 정상적으로 작동하지 않을 가능성,,
비엠더블유코리아,M3 Cabrio,2002-11-11,2002-11-11,2016-09-30,운전석 에어백(다카타社) 내부 부품 불량으로 에어백이 정상적으로 작동하지 않을 가능성,,
비엠더블유코리아,M3 Coupe,2002-01-15,2005-07-27,2016-09-30,운전석 에어백(다카타社) 내부 부품 불량으로 에어백이 정상적으로 작동하지 않을 가능성,,
비엠더블유코리아,530i,2002-03-22,2003-06-06,2016-09-30,운전석 에어백(다카타社) 내부 부품 불량으로 에어백이 정상적으로 작동하지 않을 가능성,,
비엠더블유코리아,540i,2002-03-25,2003-04-29,2016-09-30,운전석 에어백(다카타社) 내부 부품 불량으로 에어백이 정상적으로 작동하지 않을 가능성,,
비엠더블유코리아,M5,2002-03-06,2002-10-21,2016-09-30,운전석 에어백(다카타社) 내부 부품 불량으로 에어백이 정상적으로 작동하지 않을 가능성,,
비엠더블유코리아,X5 3.0i,2003-03-24,2003-08-26,2016-09-30,운전석 에어백(다카타社) 내부 부품 불량으로 에어백이 정상적으로 작동하지 않을 가능성,,
비엠더블유코리아,X5 4.4i,2003-03-07,2003-05-28,2016-09-30,운전석 에어백(다카타社) 내부 부품 불량으로 에어백이 정상적으로 작동하지 않을 가능성,,
비엠더블유코리아,730d xDrive,2015-07-31,2016-01-13,2016-06-13,에어백 컨트롤 유닛의 제작결함으로 운행시 에어백이 전개되거나 충돌시 에어백이 전개되지 않아 운전자와 승객을 보호하지 못할 가능성,,
비엠더블유코리아,750Li xDrive,2015-07-30,2016-01-08,2016-06-13,에어백 컨트롤 유닛의 제작결함으로 운행시 에어백이 전개되거나 충돌시 에어백이 전개되지 않아 운전자와 승객을 보호하지 못할 가능성,,
비엠더블유코리아,730Ld xDrive,2015-07-29,2015-12-21,2016-06-13,에어백 컨트롤 유닛의 제작결함으로 운행시 에어백이 전개되거나 충돌시 에어백이 전개되지 않아 운전자와 승객을 보호하지 못할 가능성,,
비엠더블유코리아,X3 xDrive20d,2010-11-19,2016-04-14,2016-08-19,ISOFIX형 어린이보호용 좌석부착장치의 용접불량으로 부품(U자형 고리)이 차체 진동에 지속적으로 노출될 경우 용접부위가 차체와 분리되어 어린이보호용 좌석이 제대로 고정되지 않아 안전사고가 발생할 가능성,,
비엠더블유코리아,X3 xDrive20i,2013-08-05,2016-03-05,2016-08-19,ISOFIX형 어린이보호용 좌석부착장치의 용접불량으로 부품(U자형 고리)이 차체 진동에 지속적으로 노출될 경우 용접부위가 차체와 분리되어 어린이보호용 좌석이 제대로 고정되지 않아 안전사고가 발생할 가능성,,
비엠더블유코리아,X3 xDrive28d,2014-06-11,2015-04-17,2016-08-19,ISOFIX형 어린이보호용 좌석부착장치의 용접불량으로 부품(U자형 고리)이 차체 진동에 지속적으로 노출될 경우 용접부위가 차체와 분리되어 어린이보호용 좌석이 제대로 고정되지 않아 안전사고가 발생할 가능성,,
비엠더블유코리아,X3 xDrive28i,2011-09-29,2016-04-02,2016-08-19,ISOFIX형 어린이보호용 좌석부착장치의 용접불량으로 부품(U자형 고리)이 차체 진동에 지속적으로 노출될 경우 용접부위가 차체와 분리되어 어린이보호용 좌석이 제대로 고정되지 않아 안전사고가 발생할 가능성,,
비엠더블유코리아,X3 xDrive30d,2011-03-31,2016-02-22,2016-08-19,ISOFIX형 어린이보호용 좌석부착장치의 용접불량으로 부품(U자형 고리)이 차체 진동에 지속적으로 노출될 경우 용접부위가 차체와 분리되어 어린이보호용 좌석이 제대로 고정되지 않아 안전사고가 발생할 가능성,,
비엠더블유코리아,X3 xDrive35d,2012-01-18,2013-02-21,2016-08-19,ISOFIX형 어린이보호용 좌석부착장치의 용접불량으로 부품(U자형 고리)이 차체 진동에 지속적으로 노출될 경우 용접부위가 차체와 분리되어 어린이보호용 좌석이 제대로 고정되지 않아 안전사고가 발생할 가능성,,
비엠더블유코리아,X3 xDrive35i,2011-05-04,2015-09-29,2016-08-19,ISOFIX형 어린이보호용 좌석부착장치의 용접불량으로 부품(U자형 고리)이 차체 진동에 지속적으로 노출될 경우 용접부위가 차체와 분리되어 어린이보호용 좌석이 제대로 고정되지 않아 안전사고가 발생할 가능성,,
비엠더블유코리아,X4 M40i,2016-01-04,2016-04-15,2016-08-19,ISOFIX형 어린이보호용 좌석부착장치의 용접불량으로 부품(U자형 고리)이 차체 진동에 지속적으로 노출될 경우 용접부위가 차체와 분리되어 어린이보호용 좌석이 제대로 고정되지 않아 안전사고가 발생할 가능성,,
비엠더블유코리아,X4 xDrive20d,2014-05-21,2016-04-15,2016-08-19,ISOFIX형 어린이보호용 좌석부착장치의 용접불량으로 부품(U자형 고리)이 차체 진동에 지속적으로 노출될 경우 용접부위가 차체와 분리되어 어린이보호용 좌석이 제대로 고정되지 않아 안전사고가 발생할 가능성,,
비엠더블유코리아,X4 xDrive28i,2014-10-11,2015-07-30,2016-08-19,ISOFIX형 어린이보호용 좌석부착장치의 용접불량으로 부품(U자형 고리)이 차체 진동에 지속적으로 노출될 경우 용접부위가 차체와 분리되어 어린이보호용 좌석이 제대로 고정되지 않아 안전사고가 발생할 가능성,,
비엠더블유코리아,X4 xDrive30d,2014-03-03,2016-01-28,2016-08-19,ISOFIX형 어린이보호용 좌석부착장치의 용접불량으로 부품(U자형 고리)이 차체 진동에 지속적으로 노출될 경우 용접부위가 차체와 분리되어 어린이보호용 좌석이 제대로 고정되지 않아 안전사고가 발생할 가능성,,
비엠더블유코리아,M3,2015-02-26,2015-02-26,2016-10-28,오류가 있는 정비 지침서에 따라 뒷차축 지지대의 고정볼트를 푼 후 이를 재사용하였을 경우 주행 중 고정볼트가 풀려 안전 운행에 지장을 줄 가능성,,
비엠더블유코리아,M4,2014-03-12,2016-06-27,2016-10-28,오류가 있는 정비 지침서에 따라 뒷차축 지지대의 고정볼트를 푼 후 이를 재사용하였을 경우 주행 중 고정볼트가 풀려 안전 운행에 지장을 줄 가능성,,
비엠더블유코리아,M5,2014-09-05,2014-12-04,2016-10-28,프로펠러 샤프트의 용접 불량으로 파손될 경우 동력 전달이 원활하지 않아 가속이 제대로 안되어 안전 운행에 지장을 줄 가능성,,
비엠더블유코리아,M6 Gran Coupe,2014-09-20,2014-12-05,2016-10-28,프로펠러 샤프트의 용접 불량으로 파손될 경우 동력 전달이 원활하지 않아 가속이 제대로 안되어 안전 운행에 지장을 줄 가능성,,
비엠더블유코리아,X3 xDrive20d,2014-05-17,2014-06-16,2016-10-28,운전석 에어백 인플레이터의 용접불량으로 에어백 전개시 인플레이터가 파손되어 운전자에게 부상을 입힐 가능성,,
비엠더블유코리아,X3 xDrive28d,2014-06-11,2014-06-11,2016-10-28,운전석 에어백 인플레이터의 용접불량으로 에어백 전개시 인플레이터가 파손되어 운전자에게 부상을 입힐 가능성,,
비엠더블유코리아,X3 xDrive30d,2014-05-13,2014-05-27,2016-10-28,운전석 에어백 인플레이터의 용접불량으로 에어백 전개시 인플레이터가 파손되어 운전자에게 부상을 입힐 가능성,,
비엠더블유코리아,X4 xDrive20d,2014-05-21,2014-06-19,2016-10-28,운전석 에어백 인플레이터의 용접불량으로 에어백 전개시 인플레이터가 파손되어 운전자에게 부상을 입힐 가능성,,
비엠더블유코리아,X4 xDrive30d,2014-06-10,2014-06-19,2016-10-28,운전석 에어백 인플레이터의 용접불량으로 에어백 전개시 인플레이터가 파손되어 운전자에게 부상을 입힐 가능성,,
비엠더블유코리아,520d,2010-05-17,2011-06-30,2016-10-28,연료펌프 커넥터의 제작결함으로 커넥터 핀과 배선간의 접촉 불량이 발생하여 주행 중 시동이 꺼지고 화재가 발생할 가능성,,
비엠더블유코리아,523i,2009-12-15,2011-04-15,2016-10-28,연료펌프 커넥터의 제작결함으로 커넥터 핀과 배선간의 접촉 불량이 발생하여 주행 중 시동이 꺼지고 화재가 발생할 가능성,,
비엠더블유코리아,528i,2010-02-18,2011-06-10,2016-10-28,연료펌프 커넥터의 제작결함으로 커넥터 핀과 배선간의 접촉 불량이 발생하여 주행 중 시동이 꺼지고 화재가 발생할 가능성,,
비엠더블유코리아,535d,2010-09-10,2011-05-23,2016-10-28,연료펌프 커넥터의 제작결함으로 커넥터 핀과 배선간의 접촉 불량이 발생하여 주행 중 시동이 꺼지고 화재가 발생할 가능성,,
비엠더블유코리아,550i xDrive,2010-09-29,2011-05-23,2016-10-28,연료펌프 커넥터의 제작결함으로 커넥터 핀과 배선간의 접촉 불량이 발생하여 주행 중 시동이 꺼지고 화재가 발생할 가능성,,
비엠더블유코리아,650i Convertible,2011-02-09,2011-05-20,2016-10-28,연료펌프 커넥터의 제작결함으로 커넥터 핀과 배선간의 접촉 불량이 발생하여 주행 중 시동이 꺼지고 화재가 발생할 가능성,,
비엠더블유코리아,Gran Turismo 30d,2010-09-15,2011-06-29,2016-10-28,연료펌프 커넥터의 제작결함으로 커넥터 핀과 배선간의 접촉 불량이 발생하여 주행 중 시동이 꺼지고 화재가 발생할 가능성,,
비엠더블유코리아,X5 M,2009-07-09,2010-02-16,2016-10-28,연료펌프 커넥터의 제작결함으로 커넥터 핀과 배선간의 접촉 불량이 발생하여 주행 중 시동이 꺼지고 화재가 발생할 가능성,,
비엠더블유코리아,X5 xDrive30d,2006-12-11,2010-08-10,2016-10-28,연료펌프 커넥터의 제작결함으로 커넥터 핀과 배선간의 접촉 불량이 발생하여 주행 중 시동이 꺼지고 화재가 발생할 가능성,,
비엠더블유코리아,X5 xDrive30di,2007-03-23,2010-02-23,2016-10-28,연료펌프 커넥터의 제작결함으로 커넥터 핀과 배선간의 접촉 불량이 발생하여 주행 중 시동이 꺼지고 화재가 발생할 가능성,,
비엠더블유코리아,X5 xDrive35i,2010-04-07,2010-06-30,2016-10-28,연료펌프 커넥터의 제작결함으로 커넥터 핀과 배선간의 접촉 불량이 발생하여 주행 중 시동이 꺼지고 화재가 발생할 가능성,,
비엠더블유코리아,X5 xDrive48i,2007-03-20,2009-05-19,2016-10-28,연료펌프 커넥터의 제작결함으로 커넥터 핀과 배선간의 접촉 불량이 발생하여 주행 중 시동이 꺼지고 화재가 발생할 가능성,,
비엠더블유코리아,X5 xDrive50i,2010-03-22,2010-04-14,2016-10-28,연료펌프 커넥터의 제작결함으로 커넥터 핀과 배선간의 접촉 불량이 발생하여 주행 중 시동이 꺼지고 화재가 발생할 가능성,,
비엠더블유코리아,X6 ActiveHybrid,2009-12-14,2010-06-23,2016-10-28,연료펌프 커넥터의 제작결함으로 커넥터 핀과 배선간의 접촉 불량이 발생하여 주행 중 시동이 꺼지고 화재가 발생할 가능성,,
비엠더블유코리아,X6 M,2009-08-04,2010-06-24,2016-10-28,연료펌프 커넥터의 제작결함으로 커넥터 핀과 배선간의 접촉 불량이 발생하여 주행 중 시동이 꺼지고 화재가 발생할 가능성,,
비엠더블유코리아,X6 xDrive30d,2008-04-03,2010-08-10,2016-10-28,연료펌프 커넥터의 제작결함으로 커넥터 핀과 배선간의 접촉 불량이 발생하여 주행 중 시동이 꺼지고 화재가 발생할 가능성,,
비엠더블유코리아,X6 xDrive50i,2008-05-07,2010-06-17,2016-10-28,연료펌프 커넥터의 제작결함으로 커넥터 핀과 배선간의 접촉 불량이 발생하여 주행 중 시동이 꺼지고 화재가 발생할 가능성,,
비엠더블유코리아,118d,2014-04-14,2014-08-19,2016-11-25,"저압 연료 공급 라인의 제작공정상 결함으로 균열이 생겨 연료가 누설될 경우, 주행 중 시동이 꺼지고 화재가 발생할 가능성",,
비엠더블유코리아,120d,2014-04-25,2014-11-24,2016-11-25,"저압 연료 공급 라인의 제작공정상 결함으로 균열이 생겨 연료가 누설될 경우, 주행 중 시동이 꺼지고 화재가 발생할 가능성",,
비엠더블유코리아,220d Coupe,2014-04-14,2014-05-23,2016-11-25,"저압 연료 공급 라인의 제작공정상 결함으로 균열이 생겨 연료가 누설될 경우, 주행 중 시동이 꺼지고 화재가 발생할 가능성",,
비엠더블유코리아,320d,2014-04-14,2015-02-19,2016-11-25,"저압 연료 공급 라인의 제작공정상 결함으로 균열이 생겨 연료가 누설될 경우, 주행 중 시동이 꺼지고 화재가 발생할 가능성",,
비엠더블유코리아,320d ED,2014-04-11,2015-02-23,2016-11-25,"저압 연료 공급 라인의 제작공정상 결함으로 균열이 생겨 연료가 누설될 경우, 주행 중 시동이 꺼지고 화재가 발생할 가능성",,
비엠더블유코리아,320d Gran Turismo,2014-04-14,2015-02-17,2016-11-25,"저압 연료 공급 라인의 제작공정상 결함으로 균열이 생겨 연료가 누설될 경우, 주행 중 시동이 꺼지고 화재가 발생할 가능성",,
비엠더블유코리아,320d Touring,2014-04-23,2015-02-03,2016-11-25,"저압 연료 공급 라인의 제작공정상 결함으로 균열이 생겨 연료가 누설될 경우, 주행 중 시동이 꺼지고 화재가 발생할 가능성",,
비엠더블유코리아,320d xDrive,2014-04-26,2015-02-23,2016-11-25,"저압 연료 공급 라인의 제작공정상 결함으로 균열이 생겨 연료가 누설될 경우, 주행 중 시동이 꺼지고 화재가 발생할 가능성",,
비엠더블유코리아,320d xDrive Gran Turismo,2014-04-14,2015-02-17,2016-11-25,"저압 연료 공급 라인의 제작공정상 결함으로 균열이 생겨 연료가 누설될 경우, 주행 중 시동이 꺼지고 화재가 발생할 가능성",,
비엠더블유코리아,320d xDrive Touring,2014-04-26,2014-06-24,2016-11-25,"저압 연료 공급 라인의 제작공정상 결함으로 균열이 생겨 연료가 누설될 경우, 주행 중 시동이 꺼지고 화재가 발생할 가능성",,
비엠더블유코리아,420d Coupe,2014-04-11,2015-01-28,2016-11-25,"저압 연료 공급 라인의 제작공정상 결함으로 균열이 생겨 연료가 누설될 경우, 주행 중 시동이 꺼지고 화재가 발생할 가능성",,
비엠더블유코리아,420d Gran Coupe,2014-04-28,2015-02-19,2016-11-25,"저압 연료 공급 라인의 제작공정상 결함으로 균열이 생겨 연료가 누설될 경우, 주행 중 시동이 꺼지고 화재가 발생할 가능성",,
비엠더블유코리아,420d xDrive Coupe,2014-04-15,2015-01-28,2016-11-25,"저압 연료 공급 라인의 제작공정상 결함으로 균열이 생겨 연료가 누설될 경우, 주행 중 시동이 꺼지고 화재가 발생할 가능성",,
비엠더블유코리아,420d xDrive Gran Coupe,2014-04-15,2015-02-17,2016-11-25,"저압 연료 공급 라인의 제작공정상 결함으로 균열이 생겨 연료가 누설될 경우, 주행 중 시동이 꺼지고 화재가 발생할 가능성",,
비엠더블유코리아,530d xDrive,2013-04-05,2013-09-09,2016-12-09,엔진 타이밍체인 텐셔너의 기능이 원활하지 않아 주행 중 시동이 꺼질 가능성,,
비엠더블유코리아,535d,2010-09-10,2013-09-05,2016-12-09,엔진 타이밍체인 텐셔너의 기능이 원활하지 않아 주행 중 시동이 꺼질 가능성,,
비엠더블유코리아,M550d xDrive,2013-06-13,2013-09-30,2016-12-09,엔진 타이밍체인 텐셔너의 기능이 원활하지 않아 주행 중 시동이 꺼질 가능성,,
비엠더블유코리아,Gran Turismo 30d,2010-09-15,2013-09-09,2016-12-09,엔진 타이밍체인 텐셔너의 기능이 원활하지 않아 주행 중 시동이 꺼질 가능성,,
비엠더블유코리아,Gran Turismo 30d xDrive,2012-03-22,2013-09-06,2016-12-09,엔진 타이밍체인 텐셔너의 기능이 원활하지 않아 주행 중 시동이 꺼질 가능성,,
비엠더블유코리아,640d xDrive Gran Coupe,2012-11-14,2013-09-09,2016-12-09,엔진 타이밍체인 텐셔너의 기능이 원활하지 않아 주행 중 시동이 꺼질 가능성,,
비엠더블유코리아,730d,2010-09-03,2013-03-26,2016-12-09,엔진 타이밍체인 텐셔너의 기능이 원활하지 않아 주행 중 시동이 꺼질 가능성,,
비엠더블유코리아,730d xDrive,2012-11-14,2013-09-06,2016-12-09,엔진 타이밍체인 텐셔너의 기능이 원활하지 않아 주행 중 시동이 꺼질 가능성,,
비엠더블유코리아,730Ld,2010-05-18,2013-09-09,2016-12-09,엔진 타이밍체인 텐셔너의 기능이 원활하지 않아 주행 중 시동이 꺼질 가능성,,
비엠더블유코리아,740d,2012-11-19,2013-03-18,2016-12-09,엔진 타이밍체인 텐셔너의 기능이 원활하지 않아 주행 중 시동이 꺼질 가능성,,
비엠더블유코리아,740d xDrive,2012-03-21,2013-09-09,2016-12-09,엔진 타이밍체인 텐셔너의 기능이 원활하지 않아 주행 중 시동이 꺼질 가능성,,
비엠더블유코리아,X3 xDrive30d,2011-03-31,2013-10-19,2016-12-09,엔진 타이밍체인 텐셔너의 기능이 원활하지 않아 주행 중 시동이 꺼질 가능성,,
비엠더블유코리아,X3 xDrive35d,2012-01-18,2013-02-21,2016-12-09,엔진 타이밍체인 텐셔너의 기능이 원활하지 않아 주행 중 시동이 꺼질 가능성,,
비엠더블유코리아,X5 xDrive30d,2010-03-22,2013-10-15,2016-12-09,엔진 타이밍체인 텐셔너의 기능이 원활하지 않아 주행 중 시동이 꺼질 가능성,,
비엠더블유코리아,X5 xDrive40d,2011-03-31,2013-04-25,2016-12-09,엔진 타이밍체인 텐셔너의 기능이 원활하지 않아 주행 중 시동이 꺼질 가능성,,
비엠더블유코리아,X5 M50d,2013-07-18,2013-10-15,2016-12-09,엔진 타이밍체인 텐셔너의 기능이 원활하지 않아 주행 중 시동이 꺼질 가능성,,
비엠더블유코리아,X6 xDrive30d,2010-04-19,2013-12-09,2016-12-09,엔진 타이밍체인 텐셔너의 기능이 원활하지 않아 주행 중 시동이 꺼질 가능성,,
비엠더블유코리아,X6 xDrive40d,2011-04-02,2013-11-20,2016-12-09,엔진 타이밍체인 텐셔너의 기능이 원활하지 않아 주행 중 시동이 꺼질 가능성,,
비엠더블유코리아,X6 M50d,2012-06-11,2013-12-11,2016-12-09,엔진 타이밍체인 텐셔너의 기능이 원활하지 않아 주행 중 시동이 꺼질 가능성,,
비엠더블유코리아,Gran Turismo 30d,2011-12-13,2012-06-28,2016-12-09,중앙 에어백 센서(차체 중간에 위치)의 프로그래밍 오류로 인하여 에어백이 전개되어야 할 조건에서 전방 에어백(운전석과 동승자석)과 좌석안전띠 프리텐셔너가 작동하지 않을 가능성,,
비엠더블유코리아,Gran Turismo 35i,2012-02-29,2012-05-25,2016-12-09,중앙 에어백 센서(차체 중간에 위치)의 프로그래밍 오류로 인하여 에어백이 전개되어야 할 조건에서 전방 에어백(운전석과 동승자석)과 좌석안전띠 프리텐셔너가 작동하지 않을 가능성,,
비엠더블유코리아,Gran Turismo 35i xDrive,2011-12-13,2012-06-29,2016-12-09,중앙 에어백 센서(차체 중간에 위치)의 프로그래밍 오류로 인하여 에어백이 전개되어야 할 조건에서 전방 에어백(운전석과 동승자석)과 좌석안전띠 프리텐셔너가 작동하지 않을 가능성,,
비엠더블유코리아,Gran Turismo 50i xDrive,2012-01-12,2012-06-26,2016-12-09,중앙 에어백 센서(차체 중간에 위치)의 프로그래밍 오류로 인하여 에어백이 전개되어야 할 조건에서 전방 에어백(운전석과 동승자석)과 좌석안전띠 프리텐셔너가 작동하지 않을 가능성,,
비엠더블유코리아,730d,2011-12-14,2012-05-18,2016-12-09,중앙 에어백 센서(차체 중간에 위치)의 프로그래밍 오류로 인하여 에어백이 전개되어야 할 조건에서 전방 에어백(운전석과 동승자석)과 좌석안전띠 프리텐셔너가 작동하지 않을 가능성,,
비엠더블유코리아,730Ld,2012-01-13,2012-05-11,2016-12-09,중앙 에어백 센서(차체 중간에 위치)의 프로그래밍 오류로 인하여 에어백이 전개되어야 할 조건에서 전방 에어백(운전석과 동승자석)과 좌석안전띠 프리텐셔너가 작동하지 않을 가능성,,
비엠더블유코리아,740i,2012-02-15,2012-03-30,2016-12-09,중앙 에어백 센서(차체 중간에 위치)의 프로그래밍 오류로 인하여 에어백이 전개되어야 할 조건에서 전방 에어백(운전석과 동승자석)과 좌석안전띠 프리텐셔너가 작동하지 않을 가능성,,
비엠더블유코리아,740Li,2012-01-12,2012-05-24,2016-12-09,중앙 에어백 센서(차체 중간에 위치)의 프로그래밍 오류로 인하여 에어백이 전개되어야 할 조건에서 전방 에어백(운전석과 동승자석)과 좌석안전띠 프리텐셔너가 작동하지 않을 가능성,,
비엠더블유코리아,750Li,2012-01-23,2012-04-30,2016-12-09,중앙 에어백 센서(차체 중간에 위치)의 프로그래밍 오류로 인하여 에어백이 전개되어야 할 조건에서 전방 에어백(운전석과 동승자석)과 좌석안전띠 프리텐셔너가 작동하지 않을 가능성,,
비엠더블유코리아,750Li xDrive,2012-01-10,2012-06-15,2016-12-09,중앙 에어백 센서(차체 중간에 위치)의 프로그래밍 오류로 인하여 에어백이 전개되어야 할 조건에서 전방 에어백(운전석과 동승자석)과 좌석안전띠 프리텐셔너가 작동하지 않을 가능성,,
비엠더블유코리아,760Li,2012-01-31,2012-05-16,2016-12-09,중앙 에어백 센서(차체 중간에 위치)의 프로그래밍 오류로 인하여 에어백이 전개되어야 할 조건에서 전방 에어백(운전석과 동승자석)과 좌석안전띠 프리텐셔너가 작동하지 않을 가능성,,
비엠더블유코리아,Rolls-Royce Ghost,2012-02-14,2012-06-11,2016-12-09,중앙 에어백 센서(차체 중간에 위치)의 프로그래밍 오류로 인하여 에어백이 전개되어야 할 조건에서 전방 에어백(운전석과 동승자석)과 좌석안전띠 프리텐셔너가 작동하지 않을 가능성,,
비엠더블유코리아,Rolls-Royce Ghost EWB,2012-02-02,2012-05-04,2016-12-09,중앙 에어백 센서(차체 중간에 위치)의 프로그래밍 오류로 인하여 에어백이 전개되어야 할 조건에서 전방 에어백(운전석과 동승자석)과 좌석안전띠 프리텐셔너가 작동하지 않을 가능성,,
비엠더블유코리아,(부품판매)520d,2010-07-27,2011-08-08,2016-12-09,중앙 에어백 센서(차체 중간에 위치)의 프로그래밍 오류로 인하여 에어백이 전개되어야 할 조건에서 전방 에어백(운전석과 동승자석)과 좌석안전띠 프리텐셔너가 작동하지 않을 가능성,,
비엠더블유코리아,(부품판매)528i,2010-11-11,2010-11-15,2016-12-09,중앙 에어백 센서(차체 중간에 위치)의 프로그래밍 오류로 인하여 에어백이 전개되어야 할 조건에서 전방 에어백(운전석과 동승자석)과 좌석안전띠 프리텐셔너가 작동하지 않을 가능성,,
비엠더블유코리아,(부품판매)740Li,2008-12-18,2010-03-04,2016-12-09,중앙 에어백 센서(차체 중간에 위치)의 프로그래밍 오류로 인하여 에어백이 전개되어야 할 조건에서 전방 에어백(운전석과 동승자석)과 좌석안전띠 프리텐셔너가 작동하지 않을 가능성,,
비엠더블유코리아,(부품판매)750Li,2009-09-24,2009-09-24,2016-12-09,중앙 에어백 센서(차체 중간에 위치)의 프로그래밍 오류로 인하여 에어백이 전개되어야 할 조건에서 전방 에어백(운전석과 동승자석)과 좌석안전띠 프리텐셔너가 작동하지 않을 가능성,,
비엠더블유코리아,(부품판매)760Li,2009-09-14,2009-09-14,2016-12-09,중앙 에어백 센서(차체 중간에 위치)의 프로그래밍 오류로 인하여 에어백이 전개되어야 할 조건에서 전방 에어백(운전석과 동승자석)과 좌석안전띠 프리텐셔너가 작동하지 않을 가능성,,
비엠더블유코리아,(부품판매)Gran Turismo 35i,2011-01-10,2011-01-10,2016-12-09,중앙 에어백 센서(차체 중간에 위치)의 프로그래밍 오류로 인하여 에어백이 전개되어야 할 조건에서 전방 에어백(운전석과 동승자석)과 좌석안전띠 프리텐셔너가 작동하지 않을 가능성,,
비엠더블유코리아,520i,2011-09-01,2012-01-31,2016-12-30,오일필터와 결합된 하우징(케이스)의 재질 불량으로 엔진오일과 냉각수가 섞여 주행 중 소음이 발생하고 엔진이 손상될 가능성,,
비엠더블유코리아,528i,2011-09-01,2012-01-04,2016-12-30,오일필터와 결합된 하우징(케이스)의 재질 불량으로 엔진오일과 냉각수가 섞여 주행 중 소음이 발생하고 엔진이 손상될 가능성,,
비엠더블유코리아,528i xDrive,2011-09-09,2012-01-03,2016-12-30,오일필터와 결합된 하우징(케이스)의 재질 불량으로 엔진오일과 냉각수가 섞여 주행 중 소음이 발생하고 엔진이 손상될 가능성,,
비엠더블유코리아,Z4 sDrive 28i,2011-09-04,2011-11-28,2016-12-30,오일필터와 결합된 하우징(케이스)의 재질 불량으로 엔진오일과 냉각수가 섞여 주행 중 소음이 발생하고 엔진이 손상될 가능성,,
비엠더블유코리아,X5 xDrive30d,2010-04-05,2010-11-19,2016-12-30,전방 프로펠러 샤프트의 제작결함으로 일부 부품(유니버설 조인트)이 부식되어 파손될 경우 동력 전달이 원활하지 않아 가속이 제대로 안되어 안전 운행에 지장을 줄 가능성,,
비엠더블유코리아,X5 xDrive35i,2010-04-07,2010-11-10,2016-12-30,전방 프로펠러 샤프트의 제작결함으로 일부 부품(유니버설 조인트)이 부식되어 파손될 경우 동력 전달이 원활하지 않아 가속이 제대로 안되어 안전 운행에 지장을 줄 가능성,,
비엠더블유코리아,X5 xDrive50i,2010-04-14,2010-10-29,2016-12-30,전방 프로펠러 샤프트의 제작결함으로 일부 부품(유니버설 조인트)이 부식되어 파손될 경우 동력 전달이 원활하지 않아 가속이 제대로 안되어 안전 운행에 지장을 줄 가능성,,
비엠더블유코리아,X5 M,2010-08-31,2010-09-27,2016-12-30,전방 프로펠러 샤프트의 제작결함으로 일부 부품(유니버설 조인트)이 부식되어 파손될 경우 동력 전달이 원활하지 않아 가속이 제대로 안되어 안전 운행에 지장을 줄 가능성,,
비엠더블유코리아,X6 xDrive30d,2010-04-19,2010-11-15,2016-12-30,전방 프로펠러 샤프트의 제작결함으로 일부 부품(유니버설 조인트)이 부식되어 파손될 경우 동력 전달이 원활하지 않아 가속이 제대로 안되어 안전 운행에 지장을 줄 가능성,,
비엠더블유코리아,X6 xDrive50i,2010-05-07,2010-10-26,2016-12-30,전방 프로펠러 샤프트의 제작결함으로 일부 부품(유니버설 조인트)이 부식되어 파손될 경우 동력 전달이 원활하지 않아 가속이 제대로 안되어 안전 운행에 지장을 줄 가능성,,
비엠더블유코리아,X6 M,2010-04-15,2010-10-22,2016-12-30,전방 프로펠러 샤프트의 제작결함으로 일부 부품(유니버설 조인트)이 부식되어 파손될 경우 동력 전달이 원활하지 않아 가속이 제대로 안되어 안전 운행에 지장을 줄 가능성,,
비엠더블유코리아,ActiveHybrid X6,2010-06-23,2010-11-08,2016-12-30,전방 프로펠러 샤프트의 제작결함으로 일부 부품(유니버설 조인트)이 부식되어 파손될 경우 동력 전달이 원활하지 않아 가속이 제대로 안되어 안전 운행에 지장을 줄 가능성,,
비엠더블유코리아,428i Convertible,2015-02-17,2015-02-17,2016-12-30,전자식 파워스티어링 컨트롤 유닛 내부에 위치한 전기회로의 접점불량으로 조향 보조장치가 정상 작동하지 않아 안전운행에 지장을 줄 가능성,,
비엠더블유코리아,X6 xDrive40d,2015-02-05,2015-02-05,2016-12-30,전자식 파워스티어링 컨트롤 유닛 내부에 위치한 전기회로의 접점불량으로 조향 보조장치가 정상 작동하지 않아 안전운행에 지장을 줄 가능성,,
스카니아코리아,스카니아 카고트럭,2015-01-19,2015-03-12,2016-01-18,후륜 구동축의 스프링 브레이크 챔버의 커버와 이를 고정하는 볼트의 조립이 헐거워 주차 브레이크 기능을 저하시킬 가능성,,
스카니아코리아,스카니아 트랙터,2015-10-19,2015-10-19,2016-02-01,"운전석,조수석의 승하차 손잡이와 조수석 좌석안전띠를 고정하는 나사가 내구성이 떨어져 지속 사용시 나사 파손으로 인하여 안전사고 발생 가능성",,
스카니아코리아,스카니아 카코트럭,2015-10-12,2015-10-19,2016-02-01,"운전석,조수석의 승하차 손잡이와 조수석 좌석안전띠를 고정하는 나사가 내구성이 떨어져 지속 사용시 나사 파손으로 인하여 안전사고 발생 가능성",,
스카니아코리아,스카니아 트랙터,2015-08-25,2015-08-25,2016-05-18,운전석 하단 프레임 용접 결함으로 인한 등받이 고정 불량 및 안전벨트 체결 성능 저하 가능성,,
스카니아코리아,스카니아 카고트럭,2016-02-25,2016-04-14,2016-07-05,앞바퀴(1축) 드래그링크 암과 너트의 조립 불량으로 체결이 풀릴 경우 운전자 의도대로 조향되지 않아 안전운행에 지장을 줄 가능성,,
스카니아코리아,스카니아 카고트럭,2012-09-11,2015-12-29,2016-10-07,전축 타이어에 작용되는 적차 상태의 하중이 해당 타이어의 최대 허용하중을 초과하여 안전기준 제12조제1항을 위반,,
씨엔에이치 인더스트리얼 코리아(유),이베코 26.5톤 카고트럭,2013-07-12,2013-07-12,2016-02-15,"차체길이, 차량중량 안전기준 제원 허용차 범위 초과",,
아우디폭스바겐코리아,Passat B6 2.0 TDI,2005-07-13,2008-05-16,2016-06-30,육각 샤프트의 마모로 엔진오일펌프의 작동불량으로 시동꺼질 수 있음,,
아우디폭스바겐코리아,Passat 1.8 TSI(US),2014-11-18,2015-06-24,2016-04-05,엔진 캠축에 연결된 고압 연료 분사 펌프 및 브레이크 진공 펌프 사이에서 과부하가 발생되어 엔진 출력 감소 및 브레이크 성능저하로 안전운행에 지장을 줄 가능성 발견,,
아우디폭스바겐코리아,Touareg 3.0 TDI,2011-02-11,2016-01-19,2016-04-26,브레이크 페달을 고정하는 부품의 조립불량으로 주행 중 브레이크가 제대로 작동되지 않아 사고가 발생할 가능성이 발견,,
아우디폭스바겐코리아,Touareg 4.2 TDI,2011-02-10,2014-07-13,2016-04-26,브레이크 페달을 고정하는 부품의 조립불량으로 주행 중 브레이크가 제대로 작동되지 않아 사고가 발생할 가능성이 발견,,
아우디폭스바겐코리아,Tiguan 2.0 TDI BMT,2015-01-14,2015-02-04,2016-04-26,사이드 에어백(운전석 및 조수석) 내부 부품 불량으로 충돌로 인한 에어백 전개시 금속 파편이 운전자 등에게 상해를 입힐 가능성 발견,,
아우디폭스바겐코리아,아우디 Q5,2015-01-13,2015-02-03,2016-04-29,사이드 에어백(운전석 및 조수석) 내부 부품 불량으로 충돌로 인한 에어백 전개시 금속 파편이 운전자 등에게 상해를 입힐 가능성 발견,,
아우디폭스바겐코리아,아우디 S8,2007-12-14,2008-02-01,2016-07-08,창유리(Sun Roof) 접착 불량으로 주행 중 창유리가 차량에서 이탈되어 안전운행에 지장을 줄 가능성,,
아우디폭스바겐코리아,CC,2015-11-25,2016-02-04,2016-07-18,어린이보호 잠금장치의 내부 부품(멈춤쇠 레버) 결함으로 해당 장치가 작동하지 않을 경우 어린이 안전사고가 발생할 가능성,,
아우디폭스바겐코리아,Golf,2015-11-25,2016-02-04,2016-07-18,어린이보호 잠금장치의 내부 부품(멈춤쇠 레버) 결함으로 해당 장치가 작동하지 않을 경우 어린이 안전사고가 발생할 가능성,,
아우디폭스바겐코리아,Polo,2015-11-25,2016-02-04,2016-07-18,어린이보호 잠금장치의 내부 부품(멈춤쇠 레버) 결함으로 해당 장치가 작동하지 않을 경우 어린이 안전사고가 발생할 가능성,,
아우디폭스바겐코리아,Tiguan,2015-11-25,2016-02-04,2016-07-18,어린이보호 잠금장치의 내부 부품(멈춤쇠 레버) 결함으로 해당 장치가 작동하지 않을 경우 어린이 안전사고가 발생할 가능성,,
아우디폭스바겐코리아,A8 4.2 FSI Quattro ,2010-07-16,2012-04-13,2016-08-25,냉각수 제어밸브의 설계불량으로 인해 누수된 냉각수가 엔진 ECU 커넥터로 유입되어 연료펌프 제어 배선의 단락현상이 일어나 전원 공급이 차단되고 연료펌프 작동이 중지되어 주행 중 시동꺼짐 발생,,
아우디폭스바겐코리아,Continental Flying Spur,2008-06-26,2008-06-26,2016-09-01,제작과정에서 선루프의 창유리 패널이 오염되어 선루프 프레임과 접착력이 떨어질 경우 창유리 패널이 차량에서 이탈되어 사고가 발생할 가능성,,
아우디폭스바겐코리아,Q7 3.0 TDI Quattro,2015-12-12,2016-05-29,2016-10-21,승차정원 7인 이상 승용자동차임에도 소화기를 비치하지 않아 자동차 안전기준을 위반(안전기준 제57조제1호 부적합),,
아우디폭스바겐코리아,CC 2.0 TDI,2014-02-05,2014-04-25,2016-09-22,"배기가스 재순환(EGR) 밸브 고정핀 불량으로 EGR 밸브 제어가 불가능하여 밸브가 열려 있는 경우 실린더로 많은 양의 배기가스가 유입되어 산소부족으로 연소가 불가능해지며, 이로 인해 주행 중 Start-and-Stop 작동 등으로 엔진 정지 후 재시동 불가 및 시동 직후 시동 꺼짐 현상 발생",,
아우디폭스바겐코리아,Jetta 1.6 TDI,2014-03-17,2014-05-30,2016-09-22,"배기가스 재순환(EGR) 밸브 고정핀 불량으로 EGR 밸브 제어가 불가능하여 밸브가 열려 있는 경우 실린더로 많은 양의 배기가스가 유입되어 산소부족으로 연소가 불가능해지며, 이로 인해 주행 중 Start-and-Stop 작동 등으로 엔진 정지 후 재시동 불가 및 시동 직후 시동 꺼짐 현상 발생",,
아우디폭스바겐코리아,Jetta 2.0 TDI,2014-03-11,2014-06-23,2016-09-22,"배기가스 재순환(EGR) 밸브 고정핀 불량으로 EGR 밸브 제어가 불가능하여 밸브가 열려 있는 경우 실린더로 많은 양의 배기가스가 유입되어 산소부족으로 연소가 불가능해지며, 이로 인해 주행 중 Start-and-Stop 작동 등으로 엔진 정지 후 재시동 불가 및 시동 직후 시동 꺼짐 현상 발생",,
아우디폭스바겐코리아,Passat 2.0 TDI,2014-03-20,2014-06-24,2016-09-22,"배기가스 재순환(EGR) 밸브 고정핀 불량으로 EGR 밸브 제어가 불가능하여 밸브가 열려 있는 경우 실린더로 많은 양의 배기가스가 유입되어 산소부족으로 연소가 불가능해지며, 이로 인해 주행 중 Start-and-Stop 작동 등으로 엔진 정지 후 재시동 불가 및 시동 직후 시동 꺼짐 현상 발생",,
아우디폭스바겐코리아,Polo 1.6 TDI,2014-02-13,2014-04-28,2016-09-22,"배기가스 재순환(EGR) 밸브 고정핀 불량으로 EGR 밸브 제어가 불가능하여 밸브가 열려 있는 경우 실린더로 많은 양의 배기가스가 유입되어 산소부족으로 연소가 불가능해지며, 이로 인해 주행 중 Start-and-Stop 작동 등으로 엔진 정지 후 재시동 불가 및 시동 직후 시동 꺼짐 현상 발생",,
아우디폭스바겐코리아,Scirocco R-line,2014-04-15,2014-05-07,2016-09-22,"배기가스 재순환(EGR) 밸브 고정핀 불량으로 EGR 밸브 제어가 불가능하여 밸브가 열려 있는 경우 실린더로 많은 양의 배기가스가 유입되어 산소부족으로 연소가 불가능해지며, 이로 인해 주행 중 Start-and-Stop 작동 등으로 엔진 정지 후 재시동 불가 및 시동 직후 시동 꺼짐 현상 발생",,
아우디폭스바겐코리아,The Beetle 2.0 TDI,2014-03-14,2014-07-29,2016-09-22,"배기가스 재순환(EGR) 밸브 고정핀 불량으로 EGR 밸브 제어가 불가능하여 밸브가 열려 있는 경우 실린더로 많은 양의 배기가스가 유입되어 산소부족으로 연소가 불가능해지며, 이로 인해 주행 중 Start-and-Stop 작동 등으로 엔진 정지 후 재시동 불가 및 시동 직후 시동 꺼짐 현상 발생",,
아우디폭스바겐코리아,Tiguan 2.0 TDI,2014-02-04,2014-05-12,2016-09-22,"배기가스 재순환(EGR) 밸브 고정핀 불량으로 EGR 밸브 제어가 불가능하여 밸브가 열려 있는 경우 실린더로 많은 양의 배기가스가 유입되어 산소부족으로 연소가 불가능해지며, 이로 인해 주행 중 Start-and-Stop 작동 등으로 엔진 정지 후 재시동 불가 및 시동 직후 시동 꺼짐 현상 발생",,
아우디폭스바겐코리아,A4 2.0 TFSI quattro,2008-08-28,2009-08-05,2016-12-13,에어백 컨트롤 유닛의 제작결함으로 에어백이 전개되어야 할 조건에서 에어백과 좌석안전띠 프리텐셔너가 작동하지 않을 가능성,,
아우디폭스바겐코리아,A4 2.0 TFSI mu.,2009-01-30,2009-08-04,2016-12-13,에어백 컨트롤 유닛의 제작결함으로 에어백이 전개되어야 할 조건에서 에어백과 좌석안전띠 프리텐셔너가 작동하지 않을 가능성,,
아우디폭스바겐코리아,A4 30 TDI ,2008-08-14,2008-08-27,2016-12-13,에어백 컨트롤 유닛의 제작결함으로 에어백이 전개되어야 할 조건에서 에어백과 좌석안전띠 프리텐셔너가 작동하지 않을 가능성,,
아우디폭스바겐코리아,A5 2.0 TFSI quattro,2008-09-04,2009-08-04,2016-12-13,에어백 컨트롤 유닛의 제작결함으로 에어백이 전개되어야 할 조건에서 에어백과 좌석안전띠 프리텐셔너가 작동하지 않을 가능성,,
아우디폭스바겐코리아,Q5 2.0 TDI quattro,2009-02-05,2009-08-25,2016-12-13,에어백 컨트롤 유닛의 제작결함으로 에어백이 전개되어야 할 조건에서 에어백과 좌석안전띠 프리텐셔너가 작동하지 않을 가능성,,
아우디폭스바겐코리아,Q7 35 TDI quattro,2015-12-14,2016-07-10,2016-10-28,3열 좌석을 지지하는 브래킷이 장착되지 않아 사고가 발생할 경우 탑승자가 상해를 입을 가능성,,
아우디폭스바겐코리아,Q7 45 TDI quattro,2015-12-12,2016-08-03,2016-10-28,3열 좌석을 지지하는 브래킷이 장착되지 않아 사고가 발생할 경우 탑승자가 상해를 입을 가능성,,
아우디폭스바겐코리아,Golf A7 2.0 GTI,2014-05-29,2016-03-17,2016-11-25,연료탱크 내 흡입제트펌프의 제작결함으로 연료가 샐 경우 화재가 발생할 가능성,,
아우디폭스바겐코리아,Golf A7 1.4 TSI,2014-05-28,2016-03-19,2016-11-25,연료탱크 내 흡입제트펌프의 제작결함으로 연료가 샐 경우 화재가 발생할 가능성,,
아우디폭스바겐코리아,A3 35TFSI,2014-07-19,2015-05-10,2016-11-25,연료탱크 내 흡입제트펌프의 제작결함으로 연료가 샐 경우 화재가 발생할 가능성,,*
아우디폭스바겐코리아,Q7 4.2 FSI quattro,2006-05-31,2006-12-16,2016-11-25,연료펌프 플랜지(마개)의 제작결함으로 균열이 생겨 연료가 샐 경우 화재가 발생할 가능성,,
아우디폭스바겐코리아,Q5 2.0 TFSI quattro,2009-06-16,2010-02-12,2016-11-25,연료펌프 플랜지(마개)의 제작결함으로 균열이 생겨 연료가 샐 경우 화재가 발생할 가능성,,
에프씨에이코리아,짚체로키,2014-04-06,2014-07-01,2016-01-29,와이퍼에서 발생된 정전기가 제거되지 않고 축적되어 와이퍼를 제어하는 전자기기에 영향을 줌으로써 와이퍼가 작동되지 않을 수 있음,,
에프씨에이코리아,짚컴패스 MK,2015-03-09,2015-05-06,2016-03-15,유압식 파워스티어링 호스를 고정하는 부품의 장착 불량으로 호스가 이탈되어 오일이 샐 경우 조향기능이 정상적으로 작동되지 않거나 화재 발생 가능성,,
에프씨에이코리아,프리몬트 JF,2012-09-04,2013-03-13,2016-03-15,ABS 모듈 접지단자 불량으로 수분이 유입될 경우 ABS 또는 ESC 시스템이 작동되지 않아 안전운행에 지장,,
에프씨에이코리아,짚체로키 KL,2015-02-24,2015-09-03,2016-03-15,파워 테일게이트 ECU(전자제어장치) 전기 배선 연결부에 수분이 유입되어 파워 테일게이트가 작동되지 않거나 전기배선에서 화재가 발생할 가능성,,
에프씨에이코리아,짚체로키 KJ,2001-03-09,2002-12-11,2016-03-15,에어백 컨트롤 시스템의 오류로 인해 사고가 발생하지 않은 상황임에도 앞열 에어백이 전개되거나 좌석안전띠 프리텐셔너가 작동될 가능성 발견,,
에프씨에이코리아,짚그랜드체로키 WJ/WG,2001-09-04,2003-03-28,2016-03-15,에어백 컨트롤 시스템의 오류로 인해 사고가 발생하지 않은 상황임에도 앞열 에어백이 전개되거나 좌석안전띠 프리텐셔너가 작동될 가능성 발견,,
에프씨에이코리아,짚그랜드체로키 WJ/WG,2003-10-14,2004-11-13,2016-07-08,"에어백 컨트롤 시스템의 오류로 인해 사고가 발생하지 않은 상황임에도 앞열(운전석, 승객석) 에어백이 전개되거나 좌석안전띠 프리텐셔너*가 작동될 가능성",,
에프씨에이코리아,짚그랜드체로키 WK,2016-02-16,2016-02-18,2016-07-08,자동변속기 조종레버의 전기적 결함으로 조종레버가 운전자 의도대로 움직이지 않아 안전운행에 지장을 줄 가능성,,
에프씨에이코리아,짚그랜드체로키 WK,2013-03-27,2015-12-01,2016-09-02,"실제 기어가 '주차(P)‘ 상태에 놓여있지 않음에도 운전자가 ’주차‘ 위치에 있다고 생각하고 하차하는 경우, 기어 위치에 대한 충분한 경고가 없어 운전자나 승객이 움직이는 차에 치이는 등의 사고가 발생할 가능성",,
에프씨에이코리아,300C LX,2011-09-08,2014-11-17,2016-09-02,"실제 기어가 '주차(P)‘ 상태에 놓여있지 않음에도 운전자가 ’주차‘ 위치에 있다고 생각하고 하차하는 경우, 기어 위치에 대한 충분한 경고가 없어 운전자나 승객이 움직이는 차에 치이는 등의 사고가 발생할 가능성",,
에프씨에이코리아,그랜드보이저 RT,2015-09-14,2015-09-30,2016-09-02,"변속기 내부에 장착된 오일펌프의 제작결함으로 변속기와 오일펌프가 부정확하게 체결되어, 유압이 손실될 경우 주행 중 변속불량 및 동력 손실로 이어져 사고가 발생할 가능성",,
에프씨에이코리아,짚그랜드체로키 WK,2010-07-20,2012-08-31,2016-09-02,"바이저 램프 배선의 결함으로 램프 배선과 동 배선이 통과되는 루프 판넬의 간섭이 일어나 배선이 손상될 경우, 램프 오작동 및 화재가 발생할 가능성",,
에프씨에이코리아,짚체로키 KL,2015-09-15,2016-02-22,2016-10-27,유럽기준(UNECE)으로 제작된 차량임에도 불구하고 제작공정 오류로 뒷좌석 안전띠 리트랙터가 유럽기준이 아닌 미국기준(FMVSS)으로 제작,,
에프씨에이코리아,짚체로키 KL,2014-06-19,2015-07-21,2016-11-11,좌석 프레임 고정 볼트의 조립불량으로 충돌시 제대로 고정되지 않은 좌석이 움직여 탑승자의 부상 발생이 증가할 가능성,,
에프엠케이,캘리포니아 T,2015-09-15,2015-09-16,2016-01-18,엔진에 연료를 공급하는 파이프의 손상으로 주행 중 연료 누유로 인한 화재발생 가능성,,
에프엠케이,GranTurismo,2015-11-26,2015-11-27,2016-01-29,엔진에 연료를 공급하는 파이프의 제작결함으로 주행 중 연료 누유로 인한 화재발생 가능성,,
에프엠케이,콰트로 포르테 GTS,2013-03-15,2015-11-23,2016-03-31,운전석 매트 고정이 해제되어 가속페달이 매트에 낄 경우 가속 상태가 지속되어 사고발생 가능성,,
에프엠케이,콰트로 포르테 S Q4,2013-09-17,2015-09-21,2016-03-31,운전석 매트 고정이 해제되어 가속페달이 매트에 낄 경우 가속 상태가 지속되어 사고발생 가능성,,
에프엠케이,콰트로 포르테 Diesel,2014-05-08,2015-12-16,2016-03-31,운전석 매트 고정이 해제되어 가속페달이 매트에 낄 경우 가속 상태가 지속되어 사고발생 가능성,,
에프엠케이,콰트로 포르테 350,2015-07-24,2015-11-23,2016-03-31,운전석 매트 고정이 해제되어 가속페달이 매트에 낄 경우 가속 상태가 지속되어 사고발생 가능성,,
에프엠케이,기블리 S Q4,2013-10-28,2015-11-25,2016-03-31,운전석 매트 고정이 해제되어 가속페달이 매트에 낄 경우 가속 상태가 지속되어 사고발생 가능성,,
에프엠케이,기블리 350,2013-11-22,2015-12-10,2016-03-31,운전석 매트 고정이 해제되어 가속페달이 매트에 낄 경우 가속 상태가 지속되어 사고발생 가능성,,
에프엠케이,기블리 Diesel,2014-05-16,2015-12-10,2016-03-31,운전석 매트 고정이 해제되어 가속페달이 매트에 낄 경우 가속 상태가 지속되어 사고발생 가능성,,
에프엠케이,콰트로 포르테 GTS,2013-03-15,2015-09-16,2016-06-24,뒷차축의 일부 부품(토우-인 로드를 고정하는 볼트 등)의 조립 불량으로 뒷바퀴의 정렬상태가 유지되지 않아 안전운행에 지장을 줄 가능성,,
에프엠케이,콰트로 포르테 S Q4,2013-09-30,2015-09-21,2016-06-24,뒷차축의 일부 부품(토우-인 로드를 고정하는 볼트 등)의 조립 불량으로 뒷바퀴의 정렬상태가 유지되지 않아 안전운행에 지장을 줄 가능성,,
에프엠케이,콰트로 포르테 Diesel,2014-05-08,2015-09-21,2016-06-24,뒷차축의 일부 부품(토우-인 로드를 고정하는 볼트 등)의 조립 불량으로 뒷바퀴의 정렬상태가 유지되지 않아 안전운행에 지장을 줄 가능성,,
에프엠케이,콰트로 포르테 350,2015-07-24,2015-09-16,2016-06-24,뒷차축의 일부 부품(토우-인 로드를 고정하는 볼트 등)의 조립 불량으로 뒷바퀴의 정렬상태가 유지되지 않아 안전운행에 지장을 줄 가능성,,
에프엠케이,기블리 S Q4,2013-10-28,2015-09-09,2016-06-24,뒷차축의 일부 부품(토우-인 로드를 고정하는 볼트 등)의 조립 불량으로 뒷바퀴의 정렬상태가 유지되지 않아 안전운행에 지장을 줄 가능성,,
에프엠케이,기블리 350,2013-11-28,2015-09-23,2016-06-24,뒷차축의 일부 부품(토우-인 로드를 고정하는 볼트 등)의 조립 불량으로 뒷바퀴의 정렬상태가 유지되지 않아 안전운행에 지장을 줄 가능성,,
에프엠케이,기블리 Diesel,2014-05-28,2015-09-23,2016-06-24,뒷차축의 일부 부품(토우-인 로드를 고정하는 볼트 등)의 조립 불량으로 뒷바퀴의 정렬상태가 유지되지 않아 안전운행에 지장을 줄 가능성,,
에프엠케이,기블리 350,2015-03-27,2015-04-27,2016-10-21,앞바퀴 허브 베어링의 재질불량으로 베어링이 파손될 경우 주행 중 소음과 진동이 발생하고 차량이 한쪽 방향으로 쏠려 안전운행에 지장을 줄 가능성,,
에프엠케이,기블리 Diesel,2015-03-31,2015-03-31,2016-10-21,앞바퀴 허브 베어링의 재질불량으로 베어링이 파손될 경우 주행 중 소음과 진동이 발생하고 차량이 한쪽 방향으로 쏠려 안전운행에 지장을 줄 가능성,,
에프엠케이,기블리 Diesel,2016-07-21,2016-09-23,2016-12-13,차동장치 내 기어를 고정하는 너트의 조립불량으로 동력 전달이 원활하지 않아 가속이 제대로 안되어 안전운행에 지장을 줄 가능성,,
에프엠케이,기블리 350,2016-09-22,2016-09-22,2016-12-13,차동장치 내 기어를 고정하는 너트의 조립불량으로 동력 전달이 원활하지 않아 가속이 제대로 안되어 안전운행에 지장을 줄 가능성,,
에프엠케이,기블리 SQ4,2016-07-28,2016-07-29,2016-12-13,차동장치 내 기어를 고정하는 너트의 조립불량으로 동력 전달이 원활하지 않아 가속이 제대로 안되어 안전운행에 지장을 줄 가능성,,
에프엠케이,콰트로포르테 Diesel,2016-07-21,2016-09-30,2016-12-13,차동장치 내 기어를 고정하는 너트의 조립불량으로 동력 전달이 원활하지 않아 가속이 제대로 안되어 안전운행에 지장을 줄 가능성,,
에프엠케이,콰트로포르테 그란루소 Diesel,2016-07-28,2016-08-30,2016-12-13,차동장치 내 기어를 고정하는 너트의 조립불량으로 동력 전달이 원활하지 않아 가속이 제대로 안되어 안전운행에 지장을 줄 가능성,,
에프엠케이,콰트로포르테 350 그란루소,2016-08-30,2016-09-20,2016-12-13,차동장치 내 기어를 고정하는 너트의 조립불량으로 동력 전달이 원활하지 않아 가속이 제대로 안되어 안전운행에 지장을 줄 가능성,,
에프엠케이,콰트로포르테 350,2016-08-24,2016-08-26,2016-12-13,차동장치 내 기어를 고정하는 너트의 조립불량으로 동력 전달이 원활하지 않아 가속이 제대로 안되어 안전운행에 지장을 줄 가능성,,
에프엠케이,콰트로포르테 그란루소 SQ4,2016-07-28,2016-09-13,2016-12-13,차동장치 내 기어를 고정하는 너트의 조립불량으로 동력 전달이 원활하지 않아 가속이 제대로 안되어 안전운행에 지장을 줄 가능성,,
재규어랜드로버코리아,재규어 XE 디젤,2014-11-04,2016-02-25,2016-05-12,연료필터와 연료공급호스를 연결하는 부품의 설계 결함으로 호스가 이탈되어 연료가 샐 경우 시동 꺼짐 및 화재발생 가능성 발견,,
재규어랜드로버코리아,재규어 XF 디젤,2015-04-01,2016-02-25,2016-05-12,연료필터와 연료공급호스를 연결하는 부품의 설계 결함으로 호스가 이탈되어 연료가 샐 경우 시동 꺼짐 및 화재발생 가능성 발견,,
재규어랜드로버코리아,재규어 XF 가솔린,2013-11-04,2013-11-04,2016-05-12,운전석 에어백 내부 부품 불량으로 사고시 에어백이 정상적으로 전개되지 않아 운전자가 부상을 입을 가능성,,
재규어랜드로버코리아,랜드로버 디스커버리스포츠 디젤,2015-07-09,2015-10-16,2016-05-12,"엔진 메인 전기 배선이 엔진의 일부 부품과 간섭되어 피복이 벗겨져, 합선될 경우 엔진관련 전기회로가 단선되어 시동이 꺼질 가능성 발견",,
재규어랜드로버코리아,랜드로버 이보크 디젤,2015-07-09,2015-10-16,2016-05-12,"엔진 메인 전기 배선이 엔진의 일부 부품과 간섭되어 피복이 벗겨져, 합선될 경우 엔진관련 전기회로가 단선되어 시동이 꺼질 가능성 발견",,
재규어랜드로버코리아,랜드로버 디스커버리스포츠 디젤,2014-10-03,2014-10-03,2016-05-12,"창유리(앞면, 우측 등) 접착제의 접착 성능 불량으로 주행 중 창유리가 차량에서 이탈될 가능성 발견",,
재규어랜드로버코리아,랜드로버 이보크 디젤,2014-12-18,2014-12-18,2016-05-12,"창유리(앞면, 우측 등) 접착제의 접착 성능 불량으로 주행 중 창유리가 차량에서 이탈될 가능성 발견",,
재규어랜드로버코리아,디스커버리스포츠 디젤,2014-09-03,2016-03-05,2016-07-07,번호등에 장착된 커버의 재질 불량으로 워셔액 접촉시 화학작용으로 인한 균열이 발생하여 번호등 커버가 차체에서 분리될 가능성,,
재규어랜드로버코리아,XF,2012-06-01,2012-10-31,2016-07-07,크랭크 앵글 센서 커넥터의 제조 불량으로 시동이 잘 안걸리거나 주행 중 시동이 꺼질 가능성,,
재규어랜드로버코리아,XJ,2012-06-01,2012-10-31,2016-07-07,크랭크 앵글 센서 커넥터의 제조 불량으로 시동이 잘 안걸리거나 주행 중 시동이 꺼질 가능성,,
재규어랜드로버코리아,디스커버리 4 디젤,2012-04-02,2013-05-02,2016-07-07,크랭크 앵글 센서 커넥터의 제조 불량으로 시동이 잘 안걸리거나 주행 중 시동이 꺼질 가능성,,
재규어랜드로버코리아,레인지로버 스포츠 디젤,2012-04-02,2013-05-02,2016-07-07,크랭크 앵글 센서 커넥터의 제조 불량으로 시동이 잘 안걸리거나 주행 중 시동이 꺼질 가능성,,
재규어랜드로버코리아,레인지로버 디젤,2012-04-02,2013-05-02,2016-07-07,크랭크 앵글 센서 커넥터의 제조 불량으로 시동이 잘 안걸리거나 주행 중 시동이 꺼질 가능성,,
재규어랜드로버코리아,XJ,2012-03-20,2015-07-21,2016-07-07,팬벨트 아이들러 풀리 제작 불량으로 아이들러 풀리가 파손되거나 팬벨트에서 이탈될 경우 배터리 충전·에어컨·냉각수 펌프 등의 작동 불량과 스티어링 휠이 무거워질 가능성,,
재규어랜드로버코리아,XF,2012-05-29,2015-08-24,2016-07-07,팬벨트 아이들러 풀리 제작 불량으로 아이들러 풀리가 파손되거나 팬벨트에서 이탈될 경우 배터리 충전·에어컨·냉각수 펌프 등의 작동 불량과 스티어링 휠이 무거워질 가능성,,
재규어랜드로버코리아,XF,2009-01-14,2009-03-11,2016-07-07,연료 탱크 내부에 위치한 연료 펌프 상단부의 설계 불량으로 균열이 발생할 경우 연료 누유로 인한 화재 발생 가능성,,
재규어랜드로버코리아,XJ 디젤,2016-05-02,2016-06-03,2016-07-28,운전석 에어백(ZF-TRW社) 내부 부품 불량으로 차량 충돌 시 에어백이 정상적으로 전개되지 않을 가능성,,
재규어랜드로버코리아,디스커버리 4 디젤,2016-05-03,2016-05-10,2016-07-28,운전석 에어백(ZF-TRW社) 내부 부품 불량으로 차량 충돌 시 에어백이 정상적으로 전개되지 않을 가능성,,
재규어랜드로버코리아,XF 2.2D,2014-04-15,2015-06-08,2016-08-15,연료소비율 안전기준(제111조의4) 부적합,,
재규어랜드로버코리아,디스커버리 스포츠,2015-03-05,2016-04-22,2016-08-25,"엔진을 보호하는 엔진 커버의 돌출 부위가 설계 결함으로 인해 길게 만들어져 연료호스와 접촉하게 되면서, 그 마찰로 인해 연료호스가 손상될 경우 연료가 새거나 화재가 발생할 가능성",,
재규어랜드로버코리아,이보크,2015-03-05,2016-04-22,2016-08-25,"엔진을 보호하는 엔진 커버의 돌출 부위가 설계 결함으로 인해 길게 만들어져 연료호스와 접촉하게 되면서, 그 마찰로 인해 연료호스가 손상될 경우 연료가 새거나 화재가 발생할 가능성",,
재규어랜드로버코리아,F-PACE,2016-03-03,2016-06-15,2016-08-25,"시동 모터 케이블의 배선 결함으로 주변 부품과의 마찰로 인해 케이블이 마모될 경우 그 배선이 단락되어, 주행 중 엔진이 멈추거나 화재가 발생할 가능성",,
재규어랜드로버코리아,F-Type,2016-03-11,2016-03-11,2016-12-06,뒤쪽 우측 서스펜션 하부 컨트롤 암을 고정하는 볼트의 조립불량으로 주행 중 고정볼트가 풀려 안전 운행에 지장을 줄 가능성,,
지엠코리아㈜,사브,2007-10-24,2008-02-18,2016-03-31,운전석 좌석안전띠 결함으로 충돌시 안전띠를 자동으로 되감지 않아 운전자가 부상을 당할 가능성,,
진일엔지니어링㈜,XW300,2011-10-24,2015-10-19,2016-02-18,차체 차대번호 미표기,,
진일엔지니어링㈜,XW500,2012-11-19,2015-08-05,2016-02-18,차체 차대번호 미표기,,
진일엔지니어링㈜,BX300,2012-07-11,2015-10-19,2016-02-18,차체 차대번호 미표기,,
진일엔지니어링㈜,BX500,2012-11-19,2015-08-05,2016-02-18,차체 차대번호 미표기,,
진일엔지니어링㈜,BX500ver2,2015-04-17,2015-09-17,2016-02-18,차체 차대번호 미표기,,
진일엔지니어링㈜,RW300,2013-01-22,2015-04-17,2016-02-18,차체 차대번호 미표기,,
진일엔지니어링㈜,RW400,2014-11-24,2014-11-24,2016-02-18,차체 차대번호 미표기,,
진일엔지니어링㈜,RW500,2013-01-22,2015-06-15,2016-02-18,차체 차대번호 미표기,,
진일엔지니어링㈜,RW600,2014-11-24,2014-11-24,2016-02-18,차체 차대번호 미표기,,
진일엔지니어링㈜,JX300,2012-11-19,2012-11-19,2016-02-18,차체 차대번호 미표기,,
진일엔지니어링㈜,AT500,2013-07-09,2015-04-17,2016-02-18,차체 차대번호 미표기,,
진일엔지니어링㈜,JS600,2013-04-08,2013-07-09,2016-02-18,차체 차대번호 미표기,,
진일엔지니어링㈜,XW300,2011-10-24,2015-10-19,2016-02-18,자기인증표시 미부착,,
진일엔지니어링㈜,XW500,2012-11-19,2015-08-05,2016-02-18,자기인증표시 미부착,,
진일엔지니어링㈜,BX300,2012-07-11,2015-10-19,2016-02-18,자기인증표시 미부착,,
진일엔지니어링㈜,BX500,2012-11-19,2015-08-05,2016-02-18,자기인증표시 미부착,,
진일엔지니어링㈜,BX500ver2,2015-04-17,2015-09-17,2016-02-18,자기인증표시 미부착,,
진일엔지니어링㈜,RW300,2013-01-22,2015-04-17,2016-02-18,자기인증표시 미부착,,
진일엔지니어링㈜,RW400,2014-11-24,2014-11-24,2016-02-18,자기인증표시 미부착,,
진일엔지니어링㈜,RW500,2013-01-22,2015-06-15,2016-02-18,자기인증표시 미부착,,
진일엔지니어링㈜,RW600,2014-11-24,2014-11-24,2016-02-18,자기인증표시 미부착,,
진일엔지니어링㈜,JX300,2012-11-19,2012-11-19,2016-02-18,자기인증표시 미부착,,
진일엔지니어링㈜,AT500,2013-07-09,2015-04-17,2016-02-18,자기인증표시 미부착,,
진일엔지니어링㈜,JS600,2013-04-08,2013-07-09,2016-02-18,자기인증표시 미부착,,
포드세일즈서비스코리아,Fusion,2011-01-19,2011-02-28,2016-01-18,캐니스터 퍼지 밸브의 결함으로 연료탱크가 수축되어 크랙이 생길 경우 연료 누유로 인한 화재발생 가능성,,
포드세일즈서비스코리아,MKX,2006-07-20,2008-09-22,2016-02-15,연료탱크가 제설제에 의해 부식되어 크랙이 생길 경우 연료 누유로 인한 화재발생 가능성,,
포드세일즈서비스코리아,MKX,2008-09-22,2010-07-12,2016-06-02,연료탱크가 제설제에 의해 부식되어 크랙이 생길 경우 연료 누유로 인한 화재발생 가능성,,
포드세일즈서비스코리아,Explorer,2014-01-17,2014-05-31,2016-12-30,리어 서스펜션 토우 링크의 용접 불량으로 금이 갈 경우 조향 제어가 안 되어 사고가 발생할 가능성,,
포드세일즈서비스코리아,Mustang(CONV/CONP),2011-08-19,2012-02-11,2016-11-04,"자동 변속기의 속도 센서 오류로 주행 중 저속기어로 변속이 되어 뒷바퀴 잠김, 미끄러짐 현상이 일어나 사고가 발생할 가능성",,
포드세일즈서비스코리아,MKX,2010-05-07,2013-03-26,2016-08-29,브레이크 부스터 파손으로 제동거리가 길어져 사고 발생 가능성,,
포드세일즈서비스코리아,Mondeo,2014-05-03,2016-06-14,2016-08-29,"BCM(바디제어모듈) 소프트웨어 오류로 인하여 LED 전조등, 차폭등이 갑자기 꺼져 주행 중 사고가 발생할 가능성",,
포드세일즈서비스코리아,머스탱,2004-04-06,2012-01-10,2016-07-15,승용자동차의 경우 충돌로 인한 에어백(일본 타카타社 부품) 전개시 과도한 폭발압력으로 발생한 내부 부품의 금속 파편이 운전자 등에게 상해를 입힐 가능성,,
포드세일즈서비스코리아,Fusion,2011-03-05,2012-07-29,2016-11-04,캐니스터 퍼지 밸브의 결함으로 연료탱크가 수축되어 크랙이 생길 경우 연료 누유로 인한 화재발생 가능성,,
포르쉐코리아㈜,카이엔,2010-01-15,2016-01-11,2016-04-08,브레이크 페달을 고정하는 부품의 조립불량으로 주행 중 브레이크가 제대로 작동되지 않아 사고가 발생할 가능성 발견,,
포르쉐코리아㈜,카이엔 GTS,2010-01-15,2016-01-11,2016-04-08,브레이크 페달을 고정하는 부품의 조립불량으로 주행 중 브레이크가 제대로 작동되지 않아 사고가 발생할 가능성 발견,,
포르쉐코리아㈜,카이엔 S,2010-01-15,2016-01-11,2016-04-08,브레이크 페달을 고정하는 부품의 조립불량으로 주행 중 브레이크가 제대로 작동되지 않아 사고가 발생할 가능성 발견,,
포르쉐코리아㈜,카이엔 S E-하이브리드,2010-01-15,2016-01-11,2016-04-08,브레이크 페달을 고정하는 부품의 조립불량으로 주행 중 브레이크가 제대로 작동되지 않아 사고가 발생할 가능성 발견,,
포르쉐코리아㈜,카이엔 S 디젤,2010-01-15,2016-01-11,2016-04-08,브레이크 페달을 고정하는 부품의 조립불량으로 주행 중 브레이크가 제대로 작동되지 않아 사고가 발생할 가능성 발견,,
포르쉐코리아㈜,카이엔 S 하이브리드,2010-01-15,2016-01-11,2016-04-08,브레이크 페달을 고정하는 부품의 조립불량으로 주행 중 브레이크가 제대로 작동되지 않아 사고가 발생할 가능성 발견,,
포르쉐코리아㈜,카이엔 디젤,2010-01-15,2016-01-11,2016-04-08,브레이크 페달을 고정하는 부품의 조립불량으로 주행 중 브레이크가 제대로 작동되지 않아 사고가 발생할 가능성 발견,,
포르쉐코리아㈜,카이엔 터보,2010-01-15,2016-01-11,2016-04-08,브레이크 페달을 고정하는 부품의 조립불량으로 주행 중 브레이크가 제대로 작동되지 않아 사고가 발생할 가능성 발견,,
포르쉐코리아㈜,카이엔 터보 S,2010-01-15,2016-01-11,2016-04-08,브레이크 페달을 고정하는 부품의 조립불량으로 주행 중 브레이크가 제대로 작동되지 않아 사고가 발생할 가능성 발견,,
포르쉐코리아㈜,카이엔 플래티늄에디션,2010-01-15,2016-01-11,2016-04-08,브레이크 페달을 고정하는 부품의 조립불량으로 주행 중 브레이크가 제대로 작동되지 않아 사고가 발생할 가능성 발견,,
포르쉐코리아㈜,카이엔 디젤 플래티늄에디션,2010-01-15,2016-01-11,2016-04-08,브레이크 페달을 고정하는 부품의 조립불량으로 주행 중 브레이크가 제대로 작동되지 않아 사고가 발생할 가능성 발견,,
포르쉐코리아㈜,918 스파이더,2014-02-25,2015-07-27,2016-07-29,좌석안전띠 고정장치의 부품(볼트) 공급 정보 오류로 정비시 다른 부품이 잘못 장착되었을 가능성,,
포르쉐코리아㈜,마칸 GTS,2016-07-30,2016-08-09,2016-11-17,앞 차축 스태빌라이저 연결 링크의 제작결함으로 급선회시 스태빌라이저가 제대로 작동하지 않아 운전자 의도와 다르게 차량이 과도하게 선회하여 안전운행에 지장을 줄 가능성,,
포르쉐코리아㈜,마칸 S 디젤,2016-07-30,2016-08-09,2016-11-17,앞 차축 스태빌라이저 연결 링크의 제작결함으로 급선회시 스태빌라이저가 제대로 작동하지 않아 운전자 의도와 다르게 차량이 과도하게 선회하여 안전운행에 지장을 줄 가능성,,
포르쉐코리아㈜,918 스파이더,2014-08-27,2014-11-26,2016-12-28,앞바퀴 완충장치의 트레일링 암(하단부지지대)의 결함으로 인하여 트레일링 암이 파손되어 소음이 발생되고 방향제어가 안 될 가능성,,
한국닛산자동차,알티마,2012-03-06,2014-12-31,2016-02-22,차량후드의 잠금장치 결함으로 주행 중 후드가 열릴 가능성,,
한국닛산자동차,맥시마,2015-11-25,2016-02-12,2016-05-04,브레이크 액츄에이터(유압조정장치) 제작결함으로 인해 차량 안정성이 저하되고 제동거리가 늘어날 가능성,,
한국닛산자동차,알티마,2014-05-12,2016-03-16,2016-06-09,조수석 승객감지 시스템 소프트웨어 오류로 조수석 탑승객을 인지하지 못하여 충돌시 에어백이 정상적으로 작동하지 않을 가능성,,
한국닛산자동차,맥시마,2015-06-04,2016-02-13,2016-06-09,조수석 승객감지 시스템 소프트웨어 오류로 조수석 탑승객을 인지하지 못하여 충돌시 에어백이 정상적으로 작동하지 않을 가능성,,
한국닛산자동차,무라노,2016-01-08,2016-04-01,2016-06-09,조수석 승객감지 시스템 소프트웨어 오류로 조수석 탑승객을 인지하지 못하여 충돌시 에어백이 정상적으로 작동하지 않을 가능성,,
한국닛산자동차,패스파인더,2013-10-19,2016-03-25,2016-09-09,조수석 승객감지 시스템 소프트웨어 오류로 조수석 탑승객을 인지하지 못하여 충돌시 에어백이 정상적으로 작동하지 않을 가능성,,
한국닛산자동차,리프,2014-11-13,2016-02-26,2016-09-09,조수석 승객감지 시스템 소프트웨어 오류로 조수석 탑승객을 인지하지 못하여 충돌시 에어백이 정상적으로 작동하지 않을 가능성,,
한국닛산자동차,QX60,2013-11-04,2016-02-09,2016-09-09,조수석 승객감지 시스템 소프트웨어 오류로 조수석 탑승객을 인지하지 못하여 충돌시 에어백이 정상적으로 작동하지 않을 가능성,,
한국닛산자동차,Q50,2013-06-05,2016-04-21,2016-09-09,조수석 승객감지 시스템 소프트웨어 오류로 조수석 탑승객을 인지하지 못하여 충돌시 에어백이 정상적으로 작동하지 않을 가능성,,
한국닛산자동차,Q50,2013-06-05,2015-12-17,2016-07-08,전자식 조향장치 소프트웨어 오류로 인해 시동 후 출발시 운전자 의도와 다른 방향으로 자동차가 움직일 가능성,,
한국닛산자동차,패스파인더,2013-01-17,2013-01-17,2016-07-08,제동등 스위치 조립 불량으로 제동등이 비정상적으로 작동되어 후방 추돌로 인한 사고 발생 가능성,,
한국닛산자동차,인피니티 FX35,2006-02-15,2008-04-17,2016-09-09,(건조제 없는 인플레이터)충돌로 인한 조수석 에어백(일본 타카타社 부품) 전개시 과도한 폭발압력으로 발생한 내부 부품의 금속 파편이 승객 등에게 상해를 입힐 가능성 발견,,
한국닛산자동차,인피니티 FX45,2006-02-15,2008-04-09,2016-09-09,(건조제 없는 인플레이터)충돌로 인한 조수석 에어백(일본 타카타社 부품) 전개시 과도한 폭발압력으로 발생한 내부 부품의 금속 파편이 승객 등에게 상해를 입힐 가능성 발견,,
한국닛산자동차,인피니티 Q30,2015-11-01,2015-11-01,2016-11-25,"쪽  좌·우 좌석안전띠 상단 고정부품이 반대로 장착되고, 뒷좌석 안전띠 버클 너트가 충분하게 체결되지 않아 운전자 등을 제대로 보호하지 못할 가능성",,
한국토요타자동차,토요타 RAV4 4WD,2009-02-27,2012-11-14,2016-04-07,뒷좌석 쿠션부 금속 프레임의 형태가 부적절하여 충돌 시 프레임과 좌석안전띠의 간섭으로 좌석안전띠가 절단될 경우 승객을 보호하지 못할 가능성 발견,,
한국토요타자동차,토요타 RAV4 2WD,2009-09-01,2012-11-08,2016-04-07,뒷좌석 쿠션부 금속 프레임의 형태가 부적절하여 충돌 시 프레임과 좌석안전띠의 간섭으로 좌석안전띠가 절단될 경우 승객을 보호하지 못할 가능성 발견,,
한국토요타자동차,렉서스 SC430,2008-02-21,2008-02-21,2016-04-07,충돌로 인한 조수석 에어백(일본 타카타社 부품) 전개시 과도한 폭발압력으로 발생한 내부 부품의 금속 파편이 승객 등에게 상해를 입힐 가능성 발견,,
한국토요타자동차,렉서스 SC430,2003-08-08,2007-09-05,2016-04-07,충돌로 인한 조수석 에어백(일본 타카타社 부품) 전개시 과도한 폭발압력으로 발생한 내부 부품의 금속 파편이 승객 등에게 상해를 입힐 가능성 발견,,
한국토요타자동차,렉서스 ES350,2015-09-10,2016-02-18,2016-05-04,브레이크 액츄에이터(유압조정장치) 제작결함으로 인해 차량 안정성이 저하되고 제동거리가 늘어날 가능성,,
한국토요타자동차,렉서스 GS300,2004-09-27,2006-06-23,2016-05-12,"연료 라인의 연료 압력센서 조립 불량으로, 연료 누유로 인해 화재가 발생할 가능성",,
한국토요타자동차,렉서스 IS250,2005-05-31,2007-09-06,2016-05-12,"연료 라인의 연료 압력센서 조립 불량으로, 연료 누유로 인해 화재가 발생할 가능성",,
한국토요타자동차,토요타 아발론,2015-12-22,2016-02-05,2016-05-12,조수석 승객감지 시스템의 소프트웨어 오류로 조수석의 탑승객을 인지하지 못해 사고시 에어백이 정상적으로 작동되지 않을 가능성이 발견,,
한국토요타자동차,프리우스,2009-02-26,2012-04-27,2016-08-25,실내 온도 상승시 사이드 에어백(오토 리브社) 내부 부품 불량으로 그 부품 일부가 내장재를 뚫고 나와 탑승자에게 상해를 입힐 가능성,,
한국토요타자동차,프리우스 PHV ,2012-04-04,2012-04-04,2016-08-25,실내 온도 상승시 사이드 에어백(오토 리브社) 내부 부품 불량으로 그 부품 일부가 내장재를 뚫고 나와 탑승자에게 상해를 입힐 가능성,,
한국토요타자동차,CT200h,2010-08-30,2012-04-27,2016-08-25,실내 온도 상승시 사이드 에어백(오토 리브社) 내부 부품 불량으로 그 부품 일부가 내장재를 뚫고 나와 탑승자에게 상해를 입힐 가능성,,
한국토요타자동차,프리우스,2016-01-07,2016-03-15,2016-11-10,동승자석 전방 에어백 인플레이터의 용접불량으로 에어백이 비정상적으로 작동하여 충돌시 승객을 보호하지 못할 가능성,,
한국토요타자동차,프리우스,2016-01-07,2016-09-20,2016-11-10,주차 브레이크 케이블의 고정상태 불량으로 케이블이 이탈될 경우 주차 시에 차량이 움직여 사고가 발생할 가능성,,
한불모터스㈜,Citroen C4 Picasso 1.6 Blue-HDi,2015-09-11,2015-11-21,2016-04-08,자동차 앞·뒤 도어에 장착된 도어래치의 내부 스프링의 결함으로 차문이 정상적으로 닫히지 않거나 주행 중 열릴 가능성 발견,,
한불모터스㈜,Grand C4 Picasso 1.6 Blue-HDi,2015-09-01,2015-11-19,2016-04-08,자동차 앞·뒤 도어에 장착된 도어래치의 내부 스프링의 결함으로 차문이 정상적으로 닫히지 않거나 주행 중 열릴 가능성 발견,,
한불모터스㈜,Grand C4 Picasso 2.0 Blue-HDi,2015-09-29,2015-11-16,2016-04-08,자동차 앞·뒤 도어에 장착된 도어래치의 내부 스프링의 결함으로 차문이 정상적으로 닫히지 않거나 주행 중 열릴 가능성 발견,,
한불모터스㈜,308 1.6 Blue-Hdi(T9),2015-09-04,2015-11-10,2016-04-08,자동차 앞·뒤 도어에 장착된 도어래치의 내부 스프링의 결함으로 차문이 정상적으로 닫히지 않거나 주행 중 열릴 가능성 발견,,
한불모터스㈜,308SW 1.6 Blue-Hdi(T9),2015-09-08,2015-11-12,2016-04-08,자동차 앞·뒤 도어에 장착된 도어래치의 내부 스프링의 결함으로 차문이 정상적으로 닫히지 않거나 주행 중 열릴 가능성 발견,,
한불모터스㈜,308 2.0 Blue-Hdi(T9),2015-10-15,2015-11-10,2016-04-08,자동차 앞·뒤 도어에 장착된 도어래치의 내부 스프링의 결함으로 차문이 정상적으로 닫히지 않거나 주행 중 열릴 가능성 발견,,
한불모터스㈜,308SW 2.0 Blue-Hdi(T9),2015-09-15,2015-10-21,2016-04-08,자동차 앞·뒤 도어에 장착된 도어래치의 내부 스프링의 결함으로 차문이 정상적으로 닫히지 않거나 주행 중 열릴 가능성 발견,,
한불모터스㈜,Citroen C4 Picasso 1.6 Blue-HDi,2015-09-18,2015-10-22,2016-04-12,뒷좌석 안전띠 버클 지지대 제작결함으로 충돌 시 승객을 보호하지 못할 가능성 발견,,
한불모터스㈜,Grand C4 Picasso 1.6 Blue-HDi,2015-09-15,2015-10-22,2016-04-12,뒷좌석 안전띠 버클 지지대 제작결함으로 충돌 시 승객을 보호하지 못할 가능성 발견,,
한불모터스㈜,Grand C4 Picasso 2.0 Blue-HDi,2015-09-29,2015-11-06,2016-04-12,뒷좌석 안전띠 버클 지지대 제작결함으로 충돌 시 승객을 보호하지 못할 가능성 발견,,
한불모터스㈜,시트로엥 DS5 2.0 Blue-Hdi,2015-06-04,2015-06-04,2016-06-09,연료 파이프의 온도센서를 고정하는 부품(고정핀)에 부식이 발생하여 고정역할을 못할 경우 연료 누설로 인한 화재발생 가능성,,
한불모터스㈜,푸조 308 2.0 Blue-HDi(T9),2015-04-29,2015-06-24,2016-06-09,연료 파이프의 온도센서를 고정하는 부품(고정핀)에 부식이 발생하여 고정역할을 못할 경우 연료 누설로 인한 화재발생 가능성,,
한불모터스㈜,푸조 308SW 2.0 Blue-HDi(T9),2015-03-17,2015-03-17,2016-06-09,연료 파이프의 온도센서를 고정하는 부품(고정핀)에 부식이 발생하여 고정역할을 못할 경우 연료 누설로 인한 화재발생 가능성,,
한불모터스㈜,Nouvelle Peugeot 207CC,2007-02-12,2008-10-23,2016-07-13,열선시트 제어 장치 결함으로 열선 패드에 비정상적인 전원이 공급되어 배터리 방전과 고온으로 인한 시트 열손상 및 화재 발생 가능성,,
한불모터스㈜,Nouvelle Peugeot 207,2007-03-23,2008-05-20,2016-07-13,열선시트 제어 장치 결함으로 열선 패드에 비정상적인 전원이 공급되어 배터리 방전과 고온으로 인한 시트 열손상 및 화재 발생 가능성,,
한불모터스㈜,Peugeot 508SW 1.6 Blue-HDi,2015-09-22,2015-09-29,2016-11-11,캠샤프트 풀리의 재질불량으로 캠샤프트 풀리가 파손될 경우 엔진작동이 멈출 가능성,,
한불모터스㈜,Peugeot 508 1.6 Blue-HDi,2015-09-15,2015-10-13,2016-11-11,캠샤프트 풀리의 재질불량으로 캠샤프트 풀리가 파손될 경우 엔진작동이 멈출 가능성,,
한불모터스㈜,Peugeot 508 1.6 Blue-HDi GT Line,2015-09-15,2015-10-13,2016-11-11,캠샤프트 풀리의 재질불량으로 캠샤프트 풀리가 파손될 경우 엔진작동이 멈출 가능성,,
한불모터스㈜,Peugeot 308SW 1.6 Blue-HDi,2015-02-06,2016-02-04,2016-11-11,캠샤프트 풀리의 재질불량으로 캠샤프트 풀리가 파손될 경우 엔진작동이 멈출 가능성,,
한불모터스㈜,Peugeot 308 1.6 Blue-HDi,2015-02-07,2016-02-04,2016-11-11,캠샤프트 풀리의 재질불량으로 캠샤프트 풀리가 파손될 경우 엔진작동이 멈출 가능성,,
한불모터스㈜,Peugeot 3008 1.6 Blue-HDi,2015-09-11,2015-10-15,2016-11-11,캠샤프트 풀리의 재질불량으로 캠샤프트 풀리가 파손될 경우 엔진작동이 멈출 가능성,,
한불모터스㈜,Peugeot 2008 1.6 Blue-HDi,2015-10-30,2015-10-30,2016-11-11,캠샤프트 풀리의 재질불량으로 캠샤프트 풀리가 파손될 경우 엔진작동이 멈출 가능성,,
한불모터스㈜,Citroen Grand C4 Picasso 1.6 Blue-HDi,2015-09-14,2015-09-18,2016-11-11,캠샤프트 풀리의 재질불량으로 캠샤프트 풀리가 파손될 경우 엔진작동이 멈출 가능성,,
한불모터스㈜,Citroen C4 Picasso 1.6 Blue-HDi,2015-09-18,2015-09-22,2016-11-11,캠샤프트 풀리의 재질불량으로 캠샤프트 풀리가 파손될 경우 엔진작동이 멈출 가능성,,
한불모터스㈜,Peugeot 2008 1.6 Blue-HDi,2016-04-02,2016-05-05,2016-11-11,"ESP 유압 블록 내부의 이물질로 인해 ABS, ESC등 작동 시 바퀴가 잠길 가능성",,
한불모터스㈜,DS3 1.6 Blue-HDi,2016-04-01,2016-04-15,2016-11-11,"ESP 유압 블록 내부의 이물질로 인해 ABS, ESC등 작동 시 바퀴가 잠길 가능성",,
혼다코리아,CIVIC FD1,2006-09-06,2010-12-07,2016-06-07,"운전석 에어백( 타카타社) 전개시 인플레이터 내부 압력의 이상 상승으로 용기가 파손 될 수 있고, 내부 부품의 금속 파편이 운전자 등에게 상해를 입힐 가능성 있음",,
혼다코리아,CIVIC FD2,2006-09-06,2010-06-09,2016-06-07,"운전석 에어백( 타카타社) 전개시 인플레이터 내부 압력의 이상 상승으로 용기가 파손 될 수 있고, 내부 부품의 금속 파편이 운전자 등에게 상해를 입힐 가능성 있음",,
혼다코리아,CIVIC FD3,2006-09-05,2009-12-02,2016-06-07,"운전석 에어백( 타카타社) 전개시 인플레이터 내부 압력의 이상 상승으로 용기가 파손 될 수 있고, 내부 부품의 금속 파편이 운전자 등에게 상해를 입힐 가능성 있음",,
혼다코리아,INSIGHT ZE2,2009-03-02,2011-02-04,2016-06-07,"운전석 에어백( 타카타社) 전개시 인플레이터 내부 압력의 이상 상승으로 용기가 파손 될 수 있고, 내부 부품의 금속 파편이 운전자 등에게 상해를 입힐 가능성 있음",,
혼다코리아,CR-Z ZF1,2011-09-06,2012-01-31,2016-06-07,"운전석 에어백( 타카타社) 전개시 인플레이터 내부 압력의 이상 상승으로 용기가 파손 될 수 있고, 내부 부품의 금속 파편이 운전자 등에게 상해를 입힐 가능성 있음",,
혼다코리아,LEGEND KB1,2006-03-22,2008-02-19,2016-08-16,"운전석 에어백( 타카타社) 전개시 인플레이터 내부 압력의 이상 상승으로 용기가 파손 될 수 있고, 내부 부품의 금속 파편이 운전자 등에게 상해를 입힐 가능성 있음",,
혼다코리아,LEGEND KB2,2007-12-27,2011-03-09,2016-08-16,"운전석 에어백( 타카타社) 전개시 인플레이터 내부 압력의 이상 상승으로 용기가 파손 될 수 있고, 내부 부품의 금속 파편이 운전자 등에게 상해를 입힐 가능성 있음",,
혼다코리아,ACCORD,2003-10-06,2011-07-27,2016-08-16,"(건조제 없는 인플레이터)조수석 에어백( 타카타社) 전개시 인플레이터 내부 압력의 이상 상승으로 용기가 파손 될 수 있고, 내부 부품의 금속 파편이 운전자 등에게 상해를 입힐 가능성 있음",,
혼다코리아,CR-V,2004-07-15,2011-03-29,2016-08-16,"(건조제 없는 인플레이터)조수석 에어백( 타카타社) 전개시 인플레이터 내부 압력의 이상 상승으로 용기가 파손 될 수 있고, 내부 부품의 금속 파편이 운전자 등에게 상해를 입힐 가능성 있음",,
혼다코리아,LEGEND,2006-03-22,2011-03-09,2016-08-16,"(건조제 없는 인플레이터)조수석 에어백( 타카타社) 전개시 인플레이터 내부 압력의 이상 상승으로 용기가 파손 될 수 있고, 내부 부품의 금속 파편이 운전자 등에게 상해를 입힐 가능성 있음",,
혼다코리아,CIVIC,2006-09-05,2010-12-07,2016-08-16,"(건조제 없는 인플레이터)조수석 에어백( 타카타社) 전개시 인플레이터 내부 압력의 이상 상승으로 용기가 파손 될 수 있고, 내부 부품의 금속 파편이 운전자 등에게 상해를 입힐 가능성 있음",,
혼다코리아,INSIGHT,2009-03-02,2011-02-04,2016-08-16,"(건조제 없는 인플레이터)조수석 에어백( 타카타社) 전개시 인플레이터 내부 압력의 이상 상승으로 용기가 파손 될 수 있고, 내부 부품의 금속 파편이 운전자 등에게 상해를 입힐 가능성 있음",,
기흥모터스,DYNA LOW RIDER ,2014-01-06,2016-04-07,2016-07-01,"전원스위치의 작동위치를 고정하는 부품 결함 때문에 운전자가 전원스위치를 작동하지 않아도 엔진 진동에 의해 “ON"" 위치에서 ”ACC"" 위치로 이동할 수 있어 주행 중 시동이 꺼질 가능성",,
기흥모터스,FLHTP,2015-07-27,2016-02-27,2016-09-05,클러치 마스터 실린더의 제작결함으로 실린더의 유압이 손실될 경우 주행 중 가속과 변속기능이 제대로 작동되지 않아 사고가 발생할 가능성,,
기흥모터스,FLSS,2015-07-31,2016-06-16,2016-09-05,클러치 마스터 실린더의 제작결함으로 실린더의 유압이 손실될 경우 주행 중 가속과 변속기능이 제대로 작동되지 않아 사고가 발생할 가능성,,
기흥모터스,FLSTFBS,2015-07-30,2016-05-03,2016-09-05,클러치 마스터 실린더의 제작결함으로 실린더의 유압이 손실될 경우 주행 중 가속과 변속기능이 제대로 작동되지 않아 사고가 발생할 가능성,,
기흥모터스,FLHTK,2015-07-29,2016-06-16,2016-09-05,클러치 마스터 실린더의 제작결함으로 실린더의 유압이 손실될 경우 주행 중 가속과 변속기능이 제대로 작동되지 않아 사고가 발생할 가능성,,
기흥모터스,FLTRU,2015-07-29,2016-01-09,2016-09-05,클러치 마스터 실린더의 제작결함으로 실린더의 유압이 손실될 경우 주행 중 가속과 변속기능이 제대로 작동되지 않아 사고가 발생할 가능성,,
기흥모터스,FLHTKL,2015-08-17,2016-04-28,2016-09-05,클러치 마스터 실린더의 제작결함으로 실린더의 유압이 손실될 경우 주행 중 가속과 변속기능이 제대로 작동되지 않아 사고가 발생할 가능성,,
기흥모터스,FLHXS,2015-07-29,2016-04-27,2016-09-05,클러치 마스터 실린더의 제작결함으로 실린더의 유압이 손실될 경우 주행 중 가속과 변속기능이 제대로 작동되지 않아 사고가 발생할 가능성,,
기흥모터스,FLTRXS,2015-09-04,2016-04-30,2016-09-05,클러치 마스터 실린더의 제작결함으로 실린더의 유압이 손실될 경우 주행 중 가속과 변속기능이 제대로 작동되지 않아 사고가 발생할 가능성,,
기흥모터스,FLHXSE,2015-08-13,2016-04-28,2016-09-05,클러치 마스터 실린더의 제작결함으로 실린더의 유압이 손실될 경우 주행 중 가속과 변속기능이 제대로 작동되지 않아 사고가 발생할 가능성,,
기흥모터스,FXSE,2016-02-04,2016-06-02,2016-09-05,클러치 마스터 실린더의 제작결함으로 실린더의 유압이 손실될 경우 주행 중 가속과 변속기능이 제대로 작동되지 않아 사고가 발생할 가능성,,
대전기계공업,W800,2013-03-10,2015-08-18,2016-02-04,주행중 진동으로 인해 차체와 전기배선의 간섭이 발생하여 시동이 꺼질 가능성 있음,,
대전기계공업,W800,2013-03-10,2013-03-10,2016-02-04,엔진에 장착된 흡입 공기 통로의 고무 패킹 불량으로 인해 적정 공기량보다 많은 공기가 엔진으로 들어갈 경우 시동이 꺼질 가능성 있음,,
비엠더블유코리아(이륜),BMW C600 SPORT,2012-03-23,2015-06-09,2016-02-22,앞바퀴 브레이크 호스의 제작결함으로 브레이크액이 누유될 경우 브레이크 성능이 저하될 가능성 발견,,
비엠더블유코리아(이륜),BMW C 650 GT,2012-03-20,2015-06-09,2016-02-22,앞바퀴 브레이크 호스의 제작결함으로 브레이크액이 누유될 경우 브레이크 성능이 저하될 가능성 발견,,
비엠더블유코리아(이륜),R 1200 GS,2015-09-30,2015-09-30,2016-12-02,클러치 슬레이브 실린더의 제작결함으로 실린더의 유압이 손실될 경우 주행 중 가속과 변속기능이 제대로 작동되지 않아 안전운행에 지장을 줄 가능성,,
비엠더블유코리아(이륜),R 1200 GS Adventure,2015-08-18,2015-10-16,2016-12-02,클러치 슬레이브 실린더의 제작결함으로 실린더의 유압이 손실될 경우 주행 중 가속과 변속기능이 제대로 작동되지 않아 안전운행에 지장을 줄 가능성,,
비엠더블유코리아(이륜),R 1200 RT,2015-08-17,2015-10-16,2016-12-02,클러치 슬레이브 실린더의 제작결함으로 실린더의 유압이 손실될 경우 주행 중 가속과 변속기능이 제대로 작동되지 않아 안전운행에 지장을 줄 가능성,,
비엠더블유코리아(이륜),R 1200 R,2015-08-21,2015-09-29,2016-12-02,클러치 슬레이브 실린더의 제작결함으로 실린더의 유압이 손실될 경우 주행 중 가속과 변속기능이 제대로 작동되지 않아 안전운행에 지장을 줄 가능성,,
비엠더블유코리아(이륜),R 1200 RS,2015-08-21,2015-09-29,2016-12-02,클러치 슬레이브 실린더의 제작결함으로 실린더의 유압이 손실될 경우 주행 중 가속과 변속기능이 제대로 작동되지 않아 안전운행에 지장을 줄 가능성,,
스즈키씨엠씨,AN650ZA,2013-02-08,2014-01-22,2016-03-31,엔진 흡배기 밸브 태핏 결함으로 주행중 엔진이 멈출 가능성,,
스즈키씨엠씨,DL650A,2012-12-25,2012-12-25,2016-03-31,엔진 흡배기 밸브 태핏 결함으로 주행중 엔진이 멈출 가능성,,
스즈키씨엠씨,DL100AL4,2014-03-31,2014-07-17,2016-03-31,엔진 시동 스위치와 주배선을 접속시키는 커플러의 결함 등으로 주행 중 시동이 꺼질 가능성,,
스즈키씨엠씨,DL100AL5,2014-11-21,2015-04-17,2016-03-31,엔진 시동 스위치와 주배선을 접속시키는 커플러의 결함 등으로 주행 중 시동이 꺼질 가능성,,
스즈키씨엠씨,DL100AL6,2015-06-04,2015-06-04,2016-03-31,엔진 시동 스위치와 주배선을 접속시키는 커플러의 결함 등으로 주행 중 시동이 꺼질 가능성,,
스즈키씨엠씨,BURGMAN400,2007-09-03,2011-02-07,2016-07-20,정류기 내부 부품(전원공급장치) 불량으로 배터리가 방전되어 시동이 걸리지 않거나 주행 중 엔진이 멈출 가능성,,
스즈키씨엠씨,V-STROM1000,2008-02-19,2008-06-11,2016-07-20,정류기 내부 부품(전원공급장치) 불량으로 배터리가 방전되어 시동이 걸리지 않거나 주행 중 엔진이 멈출 가능성,,
스즈키씨엠씨,INTRUDER 1800,2008-03-24,2010-08-20,2016-07-20,정류기 내부 부품(전원공급장치) 불량으로 배터리가 방전되어 시동이 걸리지 않거나 주행 중 엔진이 멈출 가능성,,
스즈키씨엠씨,GSR600A,2007-08-10,2010-04-27,2016-07-20,정류기 내부 부품(전원공급장치) 불량으로 배터리가 방전되어 시동이 걸리지 않거나 주행 중 엔진이 멈출 가능성,,
스즈키씨엠씨,GSX1300R,2007-09-13,2011-09-13,2016-07-20,정류기 내부 부품(전원공급장치) 불량으로 배터리가 방전되어 시동이 걸리지 않거나 주행 중 엔진이 멈출 가능성,,
스즈키씨엠씨,GSX-R600,2008-01-09,2010-03-24,2016-07-20,정류기 내부 부품(전원공급장치) 불량으로 배터리가 방전되어 시동이 걸리지 않거나 주행 중 엔진이 멈출 가능성,,
스즈키씨엠씨,GSX1300BK/A,2007-10-18,2007-12-26,2016-07-20,정류기 내부 부품(전원공급장치) 불량으로 배터리가 방전되어 시동이 걸리지 않거나 주행 중 엔진이 멈출 가능성,,
스즈키씨엠씨,GSX-R750,2008-02-08,2010-03-30,2016-07-20,정류기 내부 부품(전원공급장치) 불량으로 배터리가 방전되어 시동이 걸리지 않거나 주행 중 엔진이 멈출 가능성,,
스즈키씨엠씨,GLADIUS650,2009-07-29,2010-10-23,2016-07-20,정류기 내부 부품(전원공급장치) 불량으로 배터리가 방전되어 시동이 걸리지 않거나 주행 중 엔진이 멈출 가능성,,
스포츠모터사이클코리아,250 SX-F,2015-03-18,2015-10-09,2016-01-27,앞바퀴 스포크(바퀴의 살)의 제작결함으로 주행 중 스포크가 부러질 가능성,,
스포츠모터사이클코리아,1290 SUPER ADVENTURE,2014-07-25,2014-12-17,2016-06-02,뒤 쇽 업소버 컨트롤 유닛의 소프트웨어 오류로 쇽 업소버 내부의 오일이 누유될 경우 주행중 뒷 타이어가 미끄러져 안전운행에 지장을 줄 가능성,,
스포츠모터사이클코리아,250 SX-F FactoryEdition,2016-01-20,2016-02-15,2016-06-17,엔진내부 커넥팅 로드의 제작결함으로 엔진에 손상이 일어나 주행 중 엔진이 정지할 수 있으며 이로인한 뒷바퀴 잠김현상으로 사고가 발생할 가능성,,
스포츠모터사이클코리아,1190 ADVENTURE ,2012-10-31,2016-04-12,2016-12-13,차체와 브레이크 시스템 관련 배선의 간섭으로 피복이 벗겨질 경우 전기회로가 단락되어 브레이크 시스템이 정상적으로 작동하지 않을 가능성,,
스포츠모터사이클코리아,1190 ADVENTURE R,2013-04-10,2016-04-25,2016-12-13,차체와 브레이크 시스템 관련 배선의 간섭으로 피복이 벗겨질 경우 전기회로가 단락되어 브레이크 시스템이 정상적으로 작동하지 않을 가능성,,
스포츠모터사이클코리아,1290 SUPER ADVENTURE,2014-07-25,2016-05-04,2016-12-13,차체와 브레이크 시스템 관련 배선의 간섭으로 피복이 벗겨질 경우 전기회로가 단락되어 브레이크 시스템이 정상적으로 작동하지 않을 가능성,,
(유)모토로싸,두카티 XDiavel S,2016-02-25,2016-05-20,2016-07-05,뒷바퀴 휠의 조립 불량으로 체결력이 약해 유격이 발생할 경우 주행 중 노면과 마찰력을 잃게 되어 안전 운행에 지장을 줄 가능성,,
(유)모토로싸, Xdiavel,2016-03-24,2016-06-23,2016-11-09,"변속기 출력축 기어 고정 너트의 조립불량으로 동력전달이 제대로 이루어지지 않을 가능성과 사이드 스탠드 브래킷 볼트의 조립불량으로 사이드 스탠드에 장착되어 있는 안전장치가 오작동하여 주행 중 시동이 꺼지고, 주차 시 차량이 넘어질 가능성",,
(유)모토로싸, XDiavel S,2016-02-25,2016-06-23,2016-11-09,"변속기 출력축 기어 고정 너트의 조립불량으로 동력전달이 제대로 이루어지지 않을 가능성과 사이드 스탠드 브래킷 볼트의 조립불량으로 사이드 스탠드에 장착되어 있는 안전장치가 오작동하여 주행 중 시동이 꺼지고, 주차 시 차량이 넘어질 가능성",,
한국모터트레이딩,YZF-R1,2015-03-05,2015-08-18,2016-01-27,변속기 기어의 가공 불량으로 인하여 톱니간 지속적인 충격이 발생함으로써 주행중 파손될 경우 가속 불가능,,
한국모터트레이딩,YZF-R1M,2015-03-02,2015-05-13,2016-01-27,변속기 기어의 가공 불량으로 인하여 톱니간 지속적인 충격이 발생함으로써 주행중 파손될 경우 가속 불가능,,
한국모터트레이딩,YZF-R3 RH07,2015-12-06,2016-04-04,2016-07-18,엔진과 수동변속기 사이에 장착된 클러치 내부 부품(베어링) 결함으로 오르막길 주행시 속도 급감으로 인한 사고 발생 가능성과 엔진 오일펌프 불량으로 오일 공급이 원활하지 않아 시동이 꺼질 가능성,,
한국모터트레이딩,MT-03 RH07,2016-03-16,2016-04-04,2016-07-18,엔진과 수동변속기 사이에 장착된 클러치 내부 부품(베어링) 결함으로 오르막길 주행시 속도 급감으로 인한 사고 발생 가능성과 엔진 오일펌프 불량으로 오일 공급이 원활하지 않아 시동이 꺼질 가능성,,
혼다코리아(이륜),CBR300R,2014-05-27,2014-05-27,2016-01-18,메인퓨즈가 열손상으로 끊어져 엔진시동이 꺼지거나 화재가 발생할 가능성,,
혼다코리아(이륜),CB500X,2014-01-06,2014-04-01,2016-01-18,메인퓨즈가 열손상으로 끊어져 엔진시동이 꺼지거나 화재가 발생할 가능성,,
혼다코리아(이륜),CBR500R,2014-03-03,2014-04-02,2016-01-18,메인퓨즈가 열손상으로 끊어져 엔진시동이 꺼지거나 화재가 발생할 가능성,,
혼다코리아(이륜),VFR1200F,2010-02-08,2012-07-31,2016-02-15,프로펠러 샤프트의 제작결함으로 가속이 불가능하거나 뒷바퀴 잠김으로 인한 급제동 현상이 일어날 가능성,,
혼다코리아(이륜),VFR1200FD,2010-03-15,2010-08-06,2016-02-15,프로펠러 샤프트의 제작결함으로 가속이 불가능하거나 뒷바퀴 잠김으로 인한 급제동 현상이 일어날 가능성,,
혼다코리아(이륜),VFR1200X,2012-02-07,2012-05-21,2016-02-15,프로펠러 샤프트의 제작결함으로 가속이 불가능하거나 뒷바퀴 잠김으로 인한 급제동 현상이 일어날 가능성,,
혼다코리아(이륜),VT750CS,2009-12-23,2012-08-09,2016-02-15,뱅크앨글센서의 배선이 주행진동에 의해 끊어져 주행중 시동이 꺼지거나 재시동이 불가능할 수 있음,,
혼다코리아(이륜),NSS300,2013-06-12,2013-10-01,2016-03-15,뒷바퀴 브레이크 호스의 제작결함으로 브레이크 오일이 샐 경우 주행 중 뒷 브레이크가 작동되지 않음,,
혼다코리아(이륜),CBR300R,2014-05-27,2016-06-06,2016-10-07,엔진내부 커넥팅 로드 베어링의 제작결함으로 인해 시동이 불가능하거나 주행 중 시동이 꺼질 가능성,,
혼다코리아(이륜),FORZA(NSS300),2013-12-06,2015-06-08,2016-11-15,연료펌프 흡입구 커버의 재질불량으로 연료펌프가 작동되지 않아 시동이 걸리지 않거나 주행 중 시동이 꺼질 가능성,,
혼다코리아(이륜),MSX125(MSX125),2013-04-03,2015-06-02,2016-11-15,연료펌프 흡입구 커버의 재질불량으로 연료펌프가 작동되지 않아 시동이 걸리지 않거나 주행 중 시동이 꺼질 가능성,,
혼다코리아(이륜),SH Mode(FSH125),2013-08-26,2015-01-14,2016-11-15,연료펌프 흡입구 커버의 재질불량으로 연료펌프가 작동되지 않아 시동이 걸리지 않거나 주행 중 시동이 꺼질 가능성,,
혼다코리아(이륜),SUPER CUB(NBC110),2013-05-21,2015-09-29,2016-11-15,연료펌프 흡입구 커버의 재질불량으로 연료펌프가 작동되지 않아 시동이 걸리지 않거나 주행 중 시동이 꺼질 가능성,,
혼다코리아(이륜),GL1800,2006-09-07,2009-02-10,2016-12-01,(건조제없는 인플레이터)충돌로 인한 에어백(일본 타카타社 부품) 전개시 인플레이터의 과도한 폭발압력으로 발생한 내부 부품의 금속 파편이 운전자 등에게 상해를 입힐 가능성,,
㈜화창상사,CHIEF CLASSIC,2013-11-07,2016-03-16,2016-08-25,ECM(엔진 제어 모듈) 소프트웨어 오류로 인해 엔진 안에서 불완전 연소된 연료가 배기관 라인 안쪽으로 흘러 들어가 배기관 온도 상승 및 주변 부품에 화재를 일으킬 가능성,,
㈜화창상사,CHIEF VINTAGE,2013-11-27,2016-03-15,2016-08-25,ECM(엔진 제어 모듈) 소프트웨어 오류로 인해 엔진 안에서 불완전 연소된 연료가 배기관 라인 안쪽으로 흘러 들어가 배기관 온도 상승 및 주변 부품에 화재를 일으킬 가능성,,
㈜화창상사,CHIEFTAIN,2013-11-22,2016-03-31,2016-08-25,ECM(엔진 제어 모듈) 소프트웨어 오류로 인해 엔진 안에서 불완전 연소된 연료가 배기관 라인 안쪽으로 흘러 들어가 배기관 온도 상승 및 주변 부품에 화재를 일으킬 가능성,,
㈜화창상사,ROADMASTER,2014-06-25,2016-04-15,2016-08-25,ECM(엔진 제어 모듈) 소프트웨어 오류로 인해 엔진 안에서 불완전 연소된 연료가 배기관 라인 안쪽으로 흘러 들어가 배기관 온도 상승 및 주변 부품에 화재를 일으킬 가능성,,
㈜화창상사,CHIEF DARK HORSE,2015-03-31,2016-05-18,2016-08-25,ECM(엔진 제어 모듈) 소프트웨어 오류로 인해 엔진 안에서 불완전 연소된 연료가 배기관 라인 안쪽으로 흘러 들어가 배기관 온도 상승 및 주변 부품에 화재를 일으킬 가능성,,
㈜화창상사,SPINGFIELD,2016-04-07,2016-05-12,2016-08-25,ECM(엔진 제어 모듈) 소프트웨어 오류로 인해 엔진 안에서 불완전 연소된 연료가 배기관 라인 안쪽으로 흘러 들어가 배기관 온도 상승 및 주변 부품에 화재를 일으킬 가능성,,
